統編,名稱,地址,行業代號,行業,成立日期,登記年月,電話,資本額,主要產品,組織型態,工廠數
84081266,一禾鋁業有限公司,新北市土城區復興里廣福街77巷6-8號、6-9號,25,金屬製品製造業,81/12/08,202608,,2000000,金屬結構及建築組件,有限公司,1
60468525,一睦德股份有限公司,新北市中和區中原里立德街148巷22號5樓,08,食品製造業,114/11/26,202608,0938708989,4000000,其他食品,股份有限公司,1
83687168,九山林國際貿易有限公司,新北市樹林區東山里中山路2段151巷6弄14號5樓,25,金屬製品製造業,109/04/01,202608,,1000000,金屬刀具、手工具及模具、金屬容器、其他金屬製品,有限公司,1
24297170,三友風管有限公司,新北市板橋區港嘴里富山街6巷7號3樓,25,金屬製品製造業,98/01/21,202608,,1200000,其他金屬製品,有限公司,1
12866387,千康有限公司,新北市泰山區貴和里明志路3段350之1號4樓,22,塑膠製品製造業,90/05/23,202608,02-29085810,20000000,塑膠製品,有限公司,1
16027194,大玉實業股份有限公司柑園廠,新北市樹林區柑園里柑園街2段122巷12號2樓,15,紙漿,86/06/06,202608,02-26688595,5000000,瓦楞紙板及紙容器,股份有限公司,1
80221510,小廚師科技有限公司,新北市土城區員仁里亞洲路46巷22號,28,電力設備及配備製造業,91/07/31,202608,02-86726300,10000000,家用電器,有限公司,1
60469159,允榮精密股份有限公司,新北市樹林區圳安里俊英街166巷5號,25,金屬製品製造業,114/11/26,202608,,1000000,其他金屬製品、金屬刀具、手工具及模具,股份有限公司,1
95464269,文威豐股份有限公司仁愛廠,新北市新莊區福興里五權一路3號3樓之8,25,金屬製品製造業,114/03/05,202608,02-22988336,10000000,金屬刀具、手工具及模具、金屬加工用機械設備、通用機械設備,股份有限公司,1
60558292,台味鮮食品有限公司,新北市汐止區北山里康寧街169巷8之3號4樓,08,食品製造業,114/07/24,202608,,3000000,其他食品,有限公司,1
86366674,全宏塑膠工業有限公司,新北市林口區東林里粉寮一街56號之1,22,塑膠製品製造業,80/10/19,202608,,3000000,塑膠製品,有限公司,1
26538673,名寬橡膠企業社,新北市樹林區東園里田尾街62號,21,橡膠製品製造業,100/04/01,202608,,200000,橡膠製品,合夥,1
87311852,安宏冷氣工程行,新北市新莊區營盤里中正路514巷33弄9號(1樓),25,金屬製品製造業,109/04/07,202608,,240000,其他金屬製品、金屬加工處理,獨資,1
34157830,安良紙器有限公司,新北市樹林區東園里柑園街1段167巷6號之6-5,15,紙漿,66/06/29,202608,,5000000,瓦楞紙板及紙容器,有限公司,1
61433692,聿陞企業社,新北市泰山區山腳里美寧街50號(1樓),25,金屬製品製造業,115/07/30,202608,,220000,其他金屬製品、金屬結構及建築組件、金屬加工處理,獨資,1
29146530,艾波索股份有限公司,新北市樹林區柑園里柑園街2段122巷11號及12號（各1樓）,08,食品製造業,99/04/02,202608,02-22502088,10000000,其他食品,股份有限公司,1
89343009,佑昌科技有限公司,新北市五股區興珍里中興路1段151巷8號(1樓),21,橡膠製品製造業,84/03/03,202608,,5000000,橡膠製品、家用電器、通用機械設備,有限公司,1
54043097,呈睿國際股份有限公司,新北市新莊區福營里中正路649之2號5樓、649之5號5樓、649之6號5樓,29,機械設備製造業,102/03/08,202608,0919-196868,500000000,其他專用機械設備,股份有限公司,1
26195682,宏裕洗衣店,新北市三重區頂崁里光華路37號(1樓及夾層),12,成衣及服飾品製造業,99/04/06,202608,,248000,成衣,獨資,1
24341921,佳廷昌有限公司,新北市土城區埤塘里千歲路37號,27,電腦,98/04/24,202608,02-82269909,30000000,電腦及其週邊設備,有限公司,1
77406295,協興五金行,新北市五股區水碓里成泰路1段98巷16號之20、16之28號,25,金屬製品製造業,80/08/12,202608,,3000000,其他金屬製品,合夥,1
83160925,味安美食股份有限公司土城廠,新北市土城區貨饒里中華路1段56巷12號（A棟1、2樓、B棟1、2樓、C棟1樓）,08,食品製造業,109/10/05,202608,,15000000,其他食品,股份有限公司,1
16717923,定裕精密有限公司五股廠,新北市五股區觀音里中直路42號之1,25,金屬製品製造業,87/12/21,202608,02-29857321,8500000,其他金屬製品,有限公司,1
54846498,尚介香有限公司,新北市中和區中原里橋和路122之3號,08,食品製造業,104/06/05,202608,,10000000,肉類加工,有限公司,1
62101849,尚發股份有限公司,新北市新莊區西盛里新樹路527巷29號(1樓),25,金屬製品製造業,115/07/08,202608,,3000000,金屬刀具、手工具及模具、金屬結構及建築組件、金屬加工處理,股份有限公司,1
85125641,居扶實業有限公司,新北市土城區大安里慶祥街12號,30,汽車及其零件製造業,108/08/14,202608,02-26838632,1000000,車體,有限公司,1
12771586,枝達創新股份有限公司板橋廠,新北市板橋區港嘴里三民路1段89號10樓,27,電腦,90/03/23,202608,02-27857058,500000000,視聽電子產品,股份有限公司,1
60650170,芯祺企業有限公司,新北市樹林區坡內里備內街54之1號(1樓),25,金屬製品製造業,114/07/28,202608,,200000,其他金屬製品,有限公司,1
50775020,金莊科技股份有限公司,臺北市內湖區石潭里南京東路六段三四六號二樓及二樓之一,29,機械設備製造業,107/05/24,202608,02-27900535,19000000,通用機械設備,股份有限公司,1
97504528,阿帕卡巴有限公司,新北市三重區五谷里光復路1段61巷26號13樓,19,其他化學製品製造業,113/08/08,202608,,1000000,清潔用品及化粧品,有限公司,1
28585187,宣銘國際股份有限公司,新北市土城區大安里忠承路103號7樓,31,其他運輸工具及其零件製造業,96/02/27,202608,0933928186,21250000,未分類其他運輸工具及其零件,股份有限公司,1
27453379,宥勝工業股份有限公司,新北市樹林區北園里佳園路2段86巷41號之1,25,金屬製品製造業,93/09/27,202608,02-26686538,990000,金屬加工處理,股份有限公司,1
34212377,政霖針織股份有限公司二廠,新北市樹林區南園里佳園路3段211之1號,11,紡織業,67/05/31,202608,02-26801222,29500000,織布,股份有限公司,1
84471320,春毅興業股份有限公司,新北市三重區谷王里興德路96號5樓之1,22,塑膠製品製造業,82/10/06,202608,02-2999-5778,15000000,塑膠製品,股份有限公司,1
60555181,俱優佤股份有限公司,新北市新莊區福營里中正路659之1號9樓,28,電力設備及配備製造業,114/07/16,202608,,3000000,其他電力設備及配備,股份有限公司,1
84684978,家定企業有限公司,新北市樹林區圳民里俊英街219巷43號,25,金屬製品製造業,83/02/05,202608,,3000000,其他金屬製品,有限公司,1
55848867,展丞食品有限公司三重廠,新北市三重區大有里中正北路345號,08,食品製造業,107/01/30,202608,,19800000,肉類加工,有限公司,1
22570840,晟鈦股份有限公司樹林廠,新北市樹林區金寮里樹潭街1號,26,電子零組件製造業,76/07/28,202608,02-22052032,4000000000,其他電子零組件,股份有限公司,1
34387517,高亞交通器材股份有限公司林口廠,新北市林口區東林里粉寮路2段458之8號(1~4樓),30,汽車及其零件製造業,71/09/16,202608,02-29844665,70000000,汽車、車體、汽車零件,股份有限公司,1
60353235,健康行動股份有限公司,新北市泰山區貴子里明志路3段74巷28弄25號(4樓),31,其他運輸工具及其零件製造業,114/12/31,202608,,3000000,未分類其他運輸工具及其零件,股份有限公司,1
70516563,國邑藥品科技股份有限公司,臺北市南港區中南里忠孝東路七段五0八號十一樓、十一樓之一,20,藥品及醫用化學製品製造業,89/05/25,202608,02-27827561,1000000000,藥品及醫用化學製品,股份有限公司,1
12689502,崇高科技股份有限公司,新北市新店區寶福里寶興路45巷8弄4號(1樓),28,電力設備及配備製造業,90/02/26,202608,02-29110368,55000000,家用電器、其他電力設備及配備,股份有限公司,1
91772595,彩菻企業社樹林廠,新北市樹林區圳生里三俊街135巷70號,25,金屬製品製造業,112/04/27,202608,,20000,其他金屬製品,獨資,1
27713847,敏安國際有限公司,新北市鶯歌區二橋里中正三路156巷59之17號(1樓),26,電子零組件製造業,94/04/13,202608,02-22394627,10000000,其他電子零組件、通用機械設備,有限公司,1
53351980,盛遠實業有限公司,新北市中和區平河里連城路258號16樓之3、之4,27,電腦,100/06/24,202608,02,10000000,量測、導航、控制設備及鐘錶,有限公司,1
10697528,盛鴻企業社,新北市土城區復興里廣福街77巷6-1號,25,金屬製品製造業,97/09/01,202608,,200000,金屬結構及建築組件,獨資,1
28772225,祥勝實業有限公司林口廠,新北市林口區東林里工七路5號,11,紡織業,96/08/07,202608,,6000000,織布,有限公司,2
24329659,雪坊志業股份有限公司員新廠,新北市中和區員山里員山路502之6號(1樓),08,食品製造業,98/03/10,202608,02-27087022,52800000,乳品,股份有限公司,1
07716888,勝鴻食品行,新北市蘆洲區得仁里國道路2段1巷52號4樓,08,食品製造業,77/10/06,202608,,60000,其他食品,獨資,1
50980388,富譽工業有限公司,新北市樹林區南園里佳園路3段43之1號,25,金屬製品製造業,107/12/28,202608,,12500000,金屬刀具、手工具及模具、其他金屬製品、通用機械設備,有限公司,1
54922782,尊越科技股份有限公司,新北市五股區興珍里五權七路31號,25,金屬製品製造業,105/08/04,202608,02-2999-2440,1020000,其他金屬製品、其他電子零組件、通用機械設備,股份有限公司,1
50990153,崴暘有限公司樹林廠,新北市樹林區金寮里光武街36巷43號,25,金屬製品製造業,108/02/27,202608,,7400000,其他金屬製品,有限公司,1
23738092,惠暘企業有限公司,新北市五股區興珍里五權路19號,25,金屬製品製造業,79/04/30,202608,02-22992099,15000000,其他金屬製品,有限公司,1
80633007,普利科技股份有限公司,新北市新莊區西盛里環漢路3段522號3樓,26,電子零組件製造業,93/01/12,202608,02-29019680,50000000,其他電子零組件,股份有限公司,1
53332507,晶鏵國際時尚有限公司樹林廠,新北市樹林區三多里保安街3段71之1號,12,成衣及服飾品製造業,100/04/22,202608,02-25527922,500000,成衣、服飾品,有限公司,1
24539873,森騰實業有限公司一廠,新北市新莊區思源里中正路46巷2號2樓、4號2樓,08,食品製造業,103/04/22,202608,,6000000,其他食品,有限公司,1
27615901,紫微科技有限公司,新北市土城區大安里忠承路89號7樓,27,電腦,94/02/04,202608,02-22686872,10000000,電腦及其週邊設備,有限公司,1
84515538,統賀冷凍食品有限公司中興廠,新北市五股區更寮里中興路2段82號5樓,29,機械設備製造業,82/08/05,202608,02-29800189,120000000,其他專用機械設備,有限公司,1
24977373,翔探科技股份有限公司新店寶興廠,新北市新店區寶福里寶興路87巷2號1樓,31,其他運輸工具及其零件製造業,104/06/12,202608,02-2918-1380,200000000,未分類其他運輸工具及其零件,股份有限公司,2
62061966,華仁丰生技有限公司,新北市新莊區西盛里民安路435號,08,食品製造業,115/06/23,202608,,7000000,其他食品,有限公司,1
27822161,華鋼有限公司,新北市土城區日新里日新街49號(1樓),25,金屬製品製造業,94/06/21,202608,,10000000,金屬結構及建築組件、金屬加工處理,有限公司,1
00624261,超順肉品行,新北市三重區大有里中正北路560巷45號(1樓),08,食品製造業,115/01/06,202608,,200000,肉類加工,獨資,1
45343972,開旭圍網工程行,新北市五股區興珍里中興路1段128巷11號(1樓),25,金屬製品製造業,95/11/09,202608,,5000000,金屬刀具、手工具及模具,獨資,1
34685446,順劦工業有限公司武林二廠,新北市樹林區金寮里武林街13之3號,29,機械設備製造業,74/05/04,202608,02-26896536,25000000,通用機械設備,有限公司,2
89723063,業豐機械有限公司一廠,新北市土城區日新里日新街53號(1樓),29,機械設備製造業,84/10/11,202608,,1000000,通用機械設備、汽車零件、機車及其零件,有限公司,1
84358045,經倫機械工業有限公司五股廠,新北市五股區興珍里五權二路17號1樓,28,電力設備及配備製造業,82/05/10,202608,02-26019253,5000000,電線及配線器材,有限公司,1
60016305,義留工程行,新北市土城區沛陂里中山路99號3樓,26,電子零組件製造業,114/01/24,202608,,2200000,其他電子零組件、發電、輸電及配電機械,獨資,1
00013368,誠行化工機械有限公司,新北市三重區中興里中興北街110號(2樓),25,金屬製品製造業,113/12/12,202608,,10000000,其他金屬製品,有限公司,1
62226051,鼎澔鮮雞有限公司,新北市鶯歌區尖山里八德路7號,08,食品製造業,115/04/24,202608,,2200000,肉類加工,有限公司,1
85035986,瑪麗蘭數位科技有限公司,新北市新店區復興里中正路四維巷6號2樓,27,電腦,108/10/24,202608,02-22189213,3000000,視聽電子產品,有限公司,1
83453886,德宜智能股份有限公司新店廠,新北市新店區寶福里寶橋路235巷6弄8號4樓,26,電子零組件製造業,108/12/19,202608,02-29119599,60510000,其他電子零組件、電腦及其週邊設備,股份有限公司,1
16702914,摩妍企業有限公司,新北市三重區五谷里光復路1段83巷7號7樓,19,其他化學製品製造業,87/11/25,202608,02-29782990,500000,清潔用品及化粧品,有限公司,1
31334805,鋒泉螺釘股份有限公司一廠,新北市林口區中湖里文化二路2段373號(1樓及夾層),25,金屬製品製造業,73/09/03,202608,02-26027766,200000000,其他金屬製品,股份有限公司,1
28322615,樹鈺有限公司,新北市樹林區圳安里俊英街238之2號1樓,25,金屬製品製造業,95/05/25,202608,,2000000,金屬刀具、手工具及模具、其他金屬製品,有限公司,1
60373176,興富盛實業有限公司,新北市新莊區頭前里中原東路17號(1樓),25,金屬製品製造業,115/01/13,202608,,2000000,金屬加工處理,有限公司,2
38469145,駿宏實業工程行,新北市中和區平河里建三路32號(1樓),25,金屬製品製造業,102/12/19,202608,,200000,金屬結構及建築組件,獨資,1
69399573,鴻昌空調設備有限公司,新北市三重區谷王里光復路1段99巷2號(1樓),28,電力設備及配備製造業,107/03/26,202608,,2000000,家用電器,有限公司,1
29123635,鴻溢實業有限公司,新北市中和區平河里中正路786號12樓,27,電腦,97/07/03,202608,02-32340268,16100000,電腦及其週邊設備、通訊傳播設備、量測、導航,有限公司,1
24378813,鴻達齒輪有限公司,新北市五股區興珍里四維路118巷10弄12號(1樓),29,機械設備製造業,98/03/30,202608,,250000,通用機械設備,有限公司,1
61273203,豐冠企業社,新北市土城區大安里承天路8巷13號(3樓),25,金屬製品製造業,115/07/03,202608,,200000,其他金屬製品,獨資,1
12737407,豐庭有限公司樹林廠,新北市樹林區北園里西圳街二段42巷11號之2,25,金屬製品製造業,90/01/16,202608,02-29022336,1000000,其他金屬製品,有限公司,1
90800502,豐業精密工業有限公司,新北市新莊區化成里化成路11巷89弄1號(1樓),29,機械設備製造業,110/04/22,202608,,1000000,通用機械設備,有限公司,1
89915225,鎬億企業有限公司,新北市新莊區西盛里環漢路3段522號5樓,21,橡膠製品製造業,83/11/23,202608,02-2978-0238,5200000,橡膠製品、金屬加工處理、未分類其他運輸工具及其零件,有限公司,1
90629827,寶陞精密有限公司樹林廠,新北市樹林區獇寮里保安街2段339之22號(1樓),25,金屬製品製造業,111/02/22,202608,02-86772966,6000000,其他金屬製品、通用機械設備,有限公司,1
22288007,鶴嘉企業有限公司,新北市新莊區國泰里新樹路67巷40弄13號(1樓),25,金屬製品製造業,75/10/21,202608,,10000000,金屬加工處理,有限公司,1
28030096,久泰資源回收有限公司土城廠,新北市土城區永寧里永平街48號(2樓),22,塑膠製品製造業,94/11/11,202607,03-4095681,12000000,塑膠製品,有限公司,1
90124158,凡曦股份有限公司,臺北市內湖區西康里內湖路一段九十一巷二十三弄七號二樓,08,食品製造業,111/09/26,202607,,1000000,其他食品,股份有限公司,1
11020209,大生印刷有限公司二廠,新北市中和區中原里立德街56號,16,印刷及資料儲存媒體複製業,53/04/30,202607,02-66218989,29000000,印刷及資料儲存媒體複製,有限公司,1
01857426,五貿塑膠工業股份有限公司土城廠,新北市土城區埤塘里千歲路27號4樓及29號4樓,22,塑膠製品製造業,74/08/15,202607,02-29540203,30000000,塑膠製品,股份有限公司,1
53084149,元亙電子有限公司,新北市淡水區八勢里中正東路2段69之7號2樓,26,電子零組件製造業,99/08/16,202607,,200000,其他電子零組件,有限公司,1
24265156,天滎工業有限公司,新北市樹林區山佳里新興街37巷12弄22號,25,金屬製品製造業,97/11/13,202607,02-86858558,5000000,其他金屬製品,有限公司,1
60690911,日清一環境維護有限公司,新北市新店區寶福里寶高路27號,22,塑膠製品製造業,114/05/08,202607,,100000,塑膠製品,有限公司,1
35825351,四維彈簧工業有限公司,新北市三重區五谷里光復路1段99巷7號(1樓),25,金屬製品製造業,65/10/01,202607,02-2982-0500,5000000,其他金屬製品,有限公司,1
89717415,巧全塑膠股份有限公司,新北市中和區中原里圓通路320號之13,22,塑膠製品製造業,84/10/04,202607,02-29634067,35000000,塑膠製品,股份有限公司,1
87463631,永奇企業社一廠,新北市樹林區潭底里豐林街28巷7號(1樓),30,汽車及其零件製造業,109/10/08,202607,,1000000,汽車零件、機車及其零件,合夥,1
29159801,仰翼股份有限公司東大廠,新北市樹林區東山里東大街142號,29,機械設備製造業,99/06/01,202607,0286866789,18000000,通用機械設備,股份有限公司,1
54230747,好神國際股份有限公司,新北市中和區員山里新民街94巷13號（1、2樓）,08,食品製造業,102/04/11,202607,02-22405299,19800000,其他食品,股份有限公司,1
24700242,安宥創意金屬有限公司,新北市汐止區中興里福德一路342巷1弄11號1樓,25,金屬製品製造業,103/10/09,202607,,1500000,金屬結構及建築組件,有限公司,1
65711405,百辰消防工程有限公司,新北市樹林區彭厝里東豐街49巷8弄24號(1樓),29,機械設備製造業,105/09/30,202607,,1000000,通用機械設備,有限公司,1
83174765,佑治設計有限公司,新北市五股區興珍里中興路1段108號2樓,12,成衣及服飾品製造業,109/07/30,202607,,9000000,成衣,有限公司,1
36298791,沅展塑膠有限公司新莊廠,新北市新莊區西盛里新樹路69號之100(1樓),22,塑膠製品製造業,73/12/22,202607,02-22028669,3000000,塑膠製品,有限公司,1
92794750,佳品工程行,新北市汐止區環河里福德一路351巷11弄18號(1樓),25,金屬製品製造業,112/10/04,202607,,240000,金屬結構及建築組件,獨資,1
83204281,佳誠股份有限公司,新北市中和區碧河里連城路222巷6弄3號,33,其他製造業,110/01/20,202607,03-3863990,10000000,未分類其他製品,股份有限公司,1
83164794,佳滿股份有限公司,新北市中和區碧河里連城路222巷17號(1樓),33,其他製造業,109/10/12,202607,03-3863933,21000000,未分類其他製品,股份有限公司,1
53437896,岱福國際建材有限公司,新北市鶯歌區南靖里文化路324巷25號,14,木竹製品製造業,100/09/21,202607,02-26805436,10000000,木竹製品,有限公司,1
84756310,怡業股份有限公司,新北市新店區寶福里寶橋路235巷12號3樓,22,塑膠製品製造業,83/02/25,202607,+886-2-89111133,500000000,塑膠製品、其他電子零組件、通訊傳播設備、視聽電子產品,股份有限公司,1
60348536,旺禾豐食品有限公司,新北市樹林區三福里忠愛街3號5樓,08,食品製造業,115/03/02,202607,,13000000,其他食品,有限公司,1
48785249,易哲企業社(二廠),新北市樹林區南園里佳園路3段181巷110弄36號,32,家具製造業,96/05/29,202607,,300000,家具,獨資,1
62249673,果果食品有限公司,新北市三重區福隆里溪尾街108巷46弄15號及17號,08,食品製造業,115/04/13,202607,,4000000,其他食品、蔬果加工,有限公司,1
62257933,欣三泰有限公司,新北市蘆洲區得仁里和平路47號,25,金屬製品製造業,115/04/28,202607,,2000000,金屬加工處理,有限公司,1
84418796,金宏保企業有限公司,新北市樹林區圳生里三俊街263號(1樓),25,金屬製品製造業,82/07/02,202607,26763562,5000000,其他金屬製品、其他電力設備及配備、通用機械設備、汽車零件,有限公司,1
61268601,金源寶水電冷氣行,新北市新莊區福營里中正路645號(1樓),25,金屬製品製造業,115/06/17,202607,,200000,金屬結構及建築組件,獨資,1
86199450,金漢實業股份有限公司,新北市中和區瑞穗里民享街4號K棟1樓,12,成衣及服飾品製造業,80/05/28,202607,02-85212588,1000000000,成衣,股份有限公司,1
31324840,金憶實業有限公司,新北市五股區水碓里夏綠地街17號之35,22,塑膠製品製造業,73/05/18,202607,,36000000,塑膠製品,有限公司,1
54056732,信利達實業有限公司,新北市新店區復興里中正路497巷4號7樓,15,紙漿,102/05/02,202607,02-22181988,500000,瓦楞紙板及紙容器,有限公司,1
50850553,冠益實業有限公司,新北市新莊區西盛里瓊林南路187巷65號(1、2樓),15,紙漿,107/09/13,202607,,500000,瓦楞紙板及紙容器、印刷及資料儲存媒體複製,有限公司,1
50764950,建樺科技有限公司,新北市樹林區東山里中山路2段151巷12之5號4樓,22,塑膠製品製造業,107/04/27,202607,,5000000,塑膠製品,有限公司,1
12932921,恒亞貿易股份有限公司一廠,臺北市北投區一德里立德路一二一巷九號三樓,12,成衣及服飾品製造業,90/07/25,202607,02-28169388,120000000,成衣,股份有限公司,3
90196384,洪興科技有限公司三廠,新北市樹林區獇寮里俊興街158號(1樓),25,金屬製品製造業,111/05/24,202607,,12000000,金屬刀具、手工具及模具、金屬加工處理、其他金屬製品,有限公司,2
90886085,美商史塔瑞克工業有限公司台灣分公司,新北市五股區興珍里五權路7巷6號5樓,25,金屬製品製造業,110/05/03,202607,0277293663,90000000,金屬刀具、手工具及模具,外國公司之分公司,1
70785200,美商定誼科技股份有限公司台灣分公司三廠,新北市五股區興珍里五權七路36號5樓,26,電子零組件製造業,89/09/14,202607,02-22981039,21000000,其他電子零組件、電腦及其週邊設備、視聽電子產品、量測,外國公司之分公司,1
90199636,香緹凡國際有限公司蘆洲廠,新北市蘆洲區中路里和平路114巷3號5樓,08,食品製造業,111/03/25,202607,02-22919028,888000,動物飼品,有限公司,1
27599563,倍嘉美生醫科技股份有限公司新莊廠,新北市新莊區化成里化成路146號5樓,19,其他化學製品製造業,94/01/18,202607,,5000000,清潔用品及化粧品,股份有限公司,1
54881277,倢莆國際有限公司一廠,新北市五股區興珍里五權六路16號(1樓),30,汽車及其零件製造業,105/08/15,202607,02-22990117,10000000,汽車零件,有限公司,1
53411951,桀安有限公司,新北市三峽區介壽里介壽路1段388巷5號(1樓),25,金屬製品製造業,100/05/26,202607,,1000000,其他金屬製品、金屬加工處理,有限公司,1
66423249,訊志精密股份有限公司瓊林廠,新北市新莊區西盛里瓊林南路157巷15號(1樓),25,金屬製品製造業,106/01/09,202607,02-29932060,37000000,金屬加工處理、其他金屬製品,股份有限公司,1
28222019,堉銓有限公司,新北市汐止區環河里福德一街425號(1樓),28,電力設備及配備製造業,95/09/21,202607,,1500000,家用電器、通用機械設備,有限公司,1
24305431,康譜企業有限公司,新北市新莊區化成里頭成街36號2樓、3樓、4樓,33,其他製造業,97/11/06,202607,02-85113758,10000000,醫療器材及用品、服飾品,有限公司,1
16713243,淞詠企業有限公司,新北市樹林區圳生里俊英街223巷20號(1樓),29,機械設備製造業,87/12/14,202607,02-82528080,5000000,通用機械設備,有限公司,1
27609680,莎木妮數位創意有限公司,新北市汐止區北山里康寧街153號5樓,15,紙漿,94/01/28,202607,02-26959900,500000,其他紙製品,有限公司,1
89965054,連合發企業股份有限公司,新北市瑞芳區傑魚里頂坪路44號,08,食品製造業,84/01/02,202607,02-24517086,28000000,其他食品,股份有限公司,1
22577203,凱樹建材有限公司,新北市樹林區金寮里武林街13之1號(1樓),14,木竹製品製造業,76/08/06,202607,02-22691168,6000000,木竹製品,有限公司,1
83466587,博園環保股份有限公司,新北市樹林區樂山里中山路3段216之1號,23,非金屬礦物製品製造業,109/01/20,202607,02-8666991#8801,300000000,其他非金屬礦物製品,股份有限公司,1
53056538,嵐台科技有限公司三廠,新北市中和區中原里橋和路120號5樓之3,27,電腦,99/06/10,202607,02-22433726,23000000,量測、導航、控制設備及鐘錶,有限公司,1
62180365,登揚科技股份有限公司,新北市新莊區富國里中正路831號之12(1、2樓),25,金屬製品製造業,115/06/16,202607,,11000000,金屬結構及建築組件,股份有限公司,1
46114603,程創科技股份有限公司,新北市土城區頂埔里中央路4段2號8樓之3,27,電腦,105/04/26,202607,02-25978090,21000000,量測、導航、控制設備及鐘錶、未分類其他製品,股份有限公司,1
80202485,菖承企業股份有限公司,新北市淡水區義山里下圭柔山70之5號,15,紙漿,92/06/13,202607,,30000000,瓦楞紙板及紙容器、塑膠製品,股份有限公司,1
56807668,菖廣紙業股份有限公司淡水廠,新北市淡水區義山里下圭柔山70之23號,15,紙漿,74/01/28,202607,,40000000,瓦楞紙板及紙容器、塑膠製品,股份有限公司,1
80068282,嵩達金屬有限公司二廠,新北市新莊區國泰里新樹路69之34號(1樓),25,金屬製品製造業,91/10/28,202607,,3000000,金屬結構及建築組件,有限公司,1
80612328,愛維爾蛋糕有限公司,新北市土城區大安里中央路3段126巷25弄6號,08,食品製造業,92/12/15,202607,02-32349888,5000000,碾榖、磨粉及澱粉製品、其他食品,有限公司,1
60382386,敬美國際股份有限公司,新北市汐止區北山里康寧街163號2樓,08,食品製造業,115/02/09,202607,,5000000,其他食品,股份有限公司,1
62134187,瑋固國際有限公司,新北市五股區興珍里四維路30巷34弄13號(1樓),25,金屬製品製造業,115/07/16,202607,,20000000,其他金屬製品、金屬刀具、手工具及模具、金屬結構及建築組件,有限公司,1
60333512,瑞奕科技有限公司,新北市三重區中興里光復路1段68巷24弄11號2樓,25,金屬製品製造業,115/03/24,202607,,10000000,其他金屬製品、金屬加工處理,有限公司,1
54757805,瑞紳產品開發有限公司,新北市新莊區西盛里新樹路244巷43號(1樓),25,金屬製品製造業,103/03/28,202607,0919390675,2950000,其他金屬製品、木竹製品,有限公司,1
28097244,瑞菱國際股份有限公司,新北市淡水區興仁里頂田寮路168號,25,金屬製品製造業,95/02/21,202607,02-26188386,3000000,金屬刀具、手工具及模具,股份有限公司,1
27972479,裕盛門窗科技股份有限公司福德廠,新北市汐止區環河里福德一路351巷11弄18號(1樓),25,金屬製品製造業,94/11/21,202607,02-88113300,10000000,金屬結構及建築組件,股份有限公司,1
54857699,路易莎職人咖啡股份有限公司五工廠,新北市五股區興珍里五工六路76號(1-3樓),08,食品製造業,104/07/22,202607,02-29035868,300000000,肉類加工、其他食品,股份有限公司,1
50586604,達冠專業玻璃貼膜企業社,新北市三重區頂崁里中興北街204巷3號1樓,14,木竹製品製造業,106/03/22,202607,02-25556002,200000,木竹製品、家具,合夥,1
29102239,雋創意廣告有限公司,新北市新店區復興里中正路501之18號1樓,16,印刷及資料儲存媒體複製業,97/05/29,202607,,1000000,印刷及資料儲存媒體複製,有限公司,1
90839416,鼎立資產顧問有限公司,新北市土城區員仁里新洲路100號8樓,25,金屬製品製造業,110/02/08,202607,,1000000,其他金屬製品、家具,有限公司,1
29050730,綠能奈米科技有限公司,新北市新莊區化成里化成路83巷62號(1樓),33,其他製造業,97/08/06,202607,02-25158848,88000000,醫療器材及用品,有限公司,1
22443795,慧昇企業有限公司,新北市汐止區環河里環河街186巷2弄12號(1樓),16,印刷及資料儲存媒體複製業,76/04/24,202607,,3000000,印刷及資料儲存媒體複製,有限公司,1
24412679,適眠國際企業有限公司二廠,新北市樹林區彭興里八德街182號(1樓),32,家具製造業,98/05/26,202607,02-86845426,10000000,家具,有限公司,1
22861143,翰旻工程有限公司八里廠,新北市八里區龍源里頂寮二街16號,25,金屬製品製造業,77/03/31,202607,,12000000,金屬結構及建築組件,有限公司,1
54879770,興創科技有限公司,新北市三重區頂崁里中興北街232巷31號(1樓),22,塑膠製品製造業,104/11/03,202607,,500000,塑膠製品,有限公司,1
87587443,興德川企業社,新北市新莊區西盛里建國二路39號(1樓),25,金屬製品製造業,110/07/05,202607,,220000,其他金屬製品、通用機械設備,獨資,1
83741584,戴納米克電業股份有限公司一廠,新北市中和區平河里建八路2號13樓之6、7,26,電子零組件製造業,109/05/29,202607,03-326-0800,5000000,其他電子零組件,股份有限公司,1
62120796,聯順電通股份有限公司,新北市新莊區福興里五權一路11之3號(1樓),25,金屬製品製造業,115/05/21,202607,,20000000,金屬加工處理、汽車零件,股份有限公司,1
54297612,聰廸企業有限公司,新北市三重區五谷里光復路1段15巷6弄10號(1樓),25,金屬製品製造業,102/09/17,202607,02-22982207,10000000,其他金屬製品,有限公司,1
60651163,八卿有限公司,新北市樹林區圳生里三俊街135巷34號,08,食品製造業,114/07/31,202606,,200000,肉類加工、其他食品,有限公司,1
93526108,上錕有限公司土城廠,新北市土城區廷寮里永豐路173之1號,25,金屬製品製造業,112/12/29,202606,,10000000,金屬加工處理,有限公司,1
85443076,大不同代工企業社,新北市新莊區化成里化成路43巷78、80號(2樓),28,電力設備及配備製造業,109/08/03,202606,02-82571236,1200000,電池,獨資,1
24702810,大創科技有限公司二廠,新北市樹林區山佳里八德街586號,25,金屬製品製造業,103/10/21,202606,,12000000,其他金屬製品、通用機械設備、金屬刀具、手工具及模具,有限公司,1
80134311,大葉建材有限公司,新北市三峽區溪南里介壽路2段136巷50-1號,14,木竹製品製造業,92/02/07,202606,02-29544943,25000000,木竹製品,有限公司,1
83578838,元勝國際有限公司,新北市樹林區三龍里三俊街65巷8號(1、2樓),08,食品製造業,109/01/14,202606,0988-166-672,29000000,肉類加工,有限公司,1
60323710,天東鼎嘉股份有限公司,臺北市士林區永倫里通河西街二段二三０號（1、2、3、4樓）,08,食品製造業,115/03/02,202606,,6000000,肉類加工、其他食品,股份有限公司,1
54026365,太允有限公司八里廠,新北市八里區大崁里忠孝路272號,25,金屬製品製造業,101/12/06,202606,,1000000,金屬結構及建築組件,有限公司,1
28669398,台灣愛司帝科技股份有限公司,臺北市內湖區港墘里瑞光路四０八號三樓之二,27,電腦,96/05/21,202606,04-22939330,78931000,電腦及其週邊設備,股份有限公司,1
19510496,正宏不銹鋼鋁門行,新北市新莊區雙鳳里中正路力行巷5號,25,金屬製品製造業,85/05/03,202606,,1000000,金屬結構及建築組件,獨資,1
62254112,正美科技股份有限公司,臺北市南港區西新里南港路三段五十巷三十三號三樓,16,印刷及資料儲存媒體複製業,115/04/10,202606,02-27855600#12562,800000000,印刷及資料儲存媒體複製,股份有限公司,1
60527469,吉立貳輪股份有限公司,新北市新莊區西盛里瓊林南路275巷11號(1樓),31,其他運輸工具及其零件製造業,114/10/21,202606,,500000,機車及其零件,股份有限公司,1
62218025,有迅有限公司,新北市新莊區西盛里新樹路315巷19弄3號,25,金屬製品製造業,115/04/09,202606,,200000,金屬加工處理,有限公司,1
33970294,米夏實業有限公司,新北市樹林區圳福里樹新路209、209之1、209之2號及俊英街2之1、2之2號,32,家具製造業,59/03/10,202606,02-26812871,5000000,家具,有限公司,1
60360593,艾酷有限公司,新北市新莊區福興里五權二路20號2樓及4樓之11,30,汽車及其零件製造業,115/01/08,202606,02-23331948,2000000,汽車零件,有限公司,1
22299139,利達空調股份有限公司三重廠,新北市三重區頂崁里中興北街224號(1樓),25,金屬製品製造業,75/11/14,202606,02-2996-0988,300000000,其他金屬製品、通用機械設備,股份有限公司,1
93380217,宏鑽美麗事業有限公司,新北市汐止區保安里大同路三段188號9樓之1,28,電力設備及配備製造業,112/04/26,202606,0909709889,3700000,家用電器,有限公司,1
94093380,廷利消防有限公司,新北市樹林區和平里樹中街28號(1樓),25,金屬製品製造業,112/07/21,202606,,4000000,其他金屬製品、金屬加工處理,有限公司,1
84359305,廷益機械有限公司,新北市鶯歌區尖山里八德路2巷20弄6號(1樓),22,塑膠製品製造業,82/05/11,202606,,1000000,塑膠製品,有限公司,1
23693969,廷鋼金屬有限公司,新北市新莊區建安里建國二路66號1樓,25,金屬製品製造業,79/04/06,202606,02-82951992,5000000,金屬刀具、手工具及模具,有限公司,1
28691005,玖隆處理廠興業有限公司二廠,新北市淡水區八勢里中正東路2段27之10號8樓,25,金屬製品製造業,96/07/04,202606,,15000000,金屬刀具、手工具及模具、金屬結構及建築組件、其他金屬製品,有限公司,1
84938831,貝克西弗股份有限公司神農廠,新北市三重區五谷里神農街50號5樓,29,機械設備製造業,83/09/03,202606,02-8797-5086,92000000,其他專用機械設備、醫療器材及用品,股份有限公司,1
53494143,辰星數位股份有限公司二廠,新北市汐止區保新里保長路466號6樓,26,電子零組件製造業,100/07/18,202606,02-86483198,7000000,其他電子零組件、其他電力設備及配備,股份有限公司,1
80491921,亟大應用股份有限公司,新北市新莊區福營里中正路653之2號7樓,22,塑膠製品製造業,92/07/01,202606,02-37652191,30000000,塑膠製品,股份有限公司,1
00051117,佳琰室內裝修設計有限公司,新北市新莊區化成里化成路178巷13號1樓,25,金屬製品製造業,113/10/16,202606,,6000000,金屬結構及建築組件、其他金屬製品,有限公司,1
60024641,佳新紙品企業社中和廠,新北市中和區員山里新民街94巷5號(1樓),16,印刷及資料儲存媒體複製業,114/03/10,202606,,200000,印刷及資料儲存媒體複製,獨資,1
90690884,佶宗有限公司,新北市樹林區樹人里復興路372巷11號(1樓、3樓),33,其他製造業,106/02/18,202606,0928220084,1000000,育樂用品,有限公司,1
89325425,尚益電子有限公司,新北市新莊區瓊林里瓊林南路103巷8弄37號(1樓),26,電子零組件製造業,84/02/14,202606,,1000000,其他電子零組件,有限公司,1
54271556,承星裝訂有限公司中和廠,新北市中和區中原里中正路988巷12號1樓,16,印刷及資料儲存媒體複製業,102/05/22,202606,,5000000,印刷及資料儲存媒體複製,有限公司,1
29168132,昕城開發實業有限公司,新北市新莊區西盛里新樹路234巷3弄5號(1樓),25,金屬製品製造業,99/07/07,202606,02-29168132,2000000,金屬刀具、手工具及模具、金屬加工處理、其他金屬製品,有限公司,1
96856165,金泰利實業有限公司一廠,新北市新莊區丹鳳里壽山路33之15號(1樓),25,金屬製品製造業,85/01/20,202606,02-29967102,1000000,其他金屬製品、金屬刀具、手工具及模具,有限公司,1
61263036,冠雅企業社,新北市中和區中原里立德街26巷18弄10號(1樓),15,紙漿,115/05/22,202606,,200000,瓦楞紙板及紙容器,獨資,1
13061090,拜達生化科技股份有限公司,新北市樹林區三福里忠信街12號4樓,19,其他化學製品製造業,91/04/08,202606,02-22821506,5000000,清潔用品及化粧品、未分類其他化學製品,股份有限公司,1
28655303,昶佑實業有限公司一廠,新北市樹林區和平里樹中街28號(1樓),25,金屬製品製造業,96/04/30,202606,02-29912469,7000000,其他金屬製品、金屬加工處理,有限公司,1
86842234,昶逸機械有限公司,新北市土城區廷寮里永豐路195巷27弄1號,29,機械設備製造業,81/08/31,202606,02-29409723,5000000,其他專用機械設備、金屬加工用機械設備、通用機械設備、發電,有限公司,1
83572519,柏樂印刷有限公司建康大來廠,新北市中和區碧河里建康路170號3樓,16,印刷及資料儲存媒體複製業,109/01/10,202606,02-27367701,20000000,印刷及資料儲存媒體複製,有限公司,1
47110078,唐舖子食品股份有限公司,新北市中和區中原里立德街136號2樓,29,機械設備製造業,105/08/03,202606,02-82218333,5000000,金屬加工用機械設備、通用機械設備,股份有限公司,1
62257552,振罡電子有限公司汐止廠,新北市汐止區保新里大同路3段196之5號8樓,26,電子零組件製造業,115/04/28,202606,,5000000,其他電子零組件、電線及配線器材,有限公司,1
89208221,旅泰企業有限公司,新北市五股區五福里成泰路2段197巷9號(1樓),25,金屬製品製造業,83/07/19,202606,,1000000,金屬刀具、手工具及模具,有限公司,1
89770163,格宇有限公司,新北市樹林區北園里佳園路2段15巷6弄9號1樓,25,金屬製品製造業,84/10/30,202606,02-86874538,5000000,金屬刀具、手工具及模具、通用機械設備,有限公司,1
23909601,益友工程有限公司新店廠,新北市新店區日興里安康路3段780號之2,29,機械設備製造業,79/10/24,202606,,16000000,其他專用機械設備,有限公司,1
80280616,國鼎生物科技股份有限公司淡科廠,新北市淡水區竿蓁里中正東路一段3巷25號10樓,08,食品製造業,91/09/27,202606,02-28086006,3000000000,其他食品,股份有限公司,1
23203631,國鎰不銹鋼製品有限公司,新北市三重區頂崁里光復路2段129巷8號4樓,25,金屬製品製造業,78/02/24,202606,,20000000,金屬結構及建築組件、家具,有限公司,1
27981667,康健生醫科技股份有限公司(二廠),新北市五股區興珍里五權五路29號3樓,33,其他製造業,94/12/19,202606,02-22902627,100000000,醫療器材及用品,股份有限公司,1
23375985,得群交通器材有限公司,新北市樹林區北園里民權街17號,30,汽車及其零件製造業,78/06/23,202606,02-26800808,2000000,汽車零件,有限公司,1
92532193,捷樂企業社,新北市新莊區營盤里中正路514巷33弄29號(1樓),29,機械設備製造業,112/07/24,202606,,2000000,通用機械設備,獨資,1
54016367,翊銓精密有限公司,新北市樹林區彭厝里東豐街11號,25,金屬製品製造業,101/10/19,202606,02-86865292,3000000,其他金屬製品、其他電子零組件,有限公司,1
29166958,貫騰實業有限公司一廠,新北市新莊區丹鳳里壽山路33之15號(2樓),25,金屬製品製造業,99/07/01,202606,02-22990005,42000000,其他金屬製品、金屬刀具、手工具及模具,有限公司,1
60370190,逢佳實業有限公司,新北市新莊區福興里五權一路7號7樓之1,19,其他化學製品製造業,115/03/03,202606,0933-736232,2200000,清潔用品及化粧品,有限公司,1
95475815,富翊肉品有限公司,新北市新莊區頭前里福前街332號,08,食品製造業,113/07/16,202606,,20000000,肉類加工,有限公司,1
93933219,寒悅有限公司,新北市土城區大安里中央路3段126巷3弄5號,08,食品製造業,112/07/10,202606,02-22640222,500000,其他食品,有限公司,1
13078640,普力洋科技股份有限公司,新北市土城區大安里中華路2段198號2樓,27,電腦,91/04/29,202606,02-8227-3567,60000000,通訊傳播設備、視聽電子產品,股份有限公司,1
80101233,晶沛實業有限公司(二廠),新北市樹林區東園里柑園街1段65巷27號,25,金屬製品製造業,91/12/16,202606,02-2680-8266,15000000,其他金屬製品,有限公司,1
60603959,智愛科技股份有限公司,新北市中和區平河里建一路176號3樓之1,27,電腦,114/06/10,202606,02-77317888#133,300000000,電腦及其週邊設備,股份有限公司,1
52397018,發霸科技股份有限公司,新北市汐止區復興里新台五路1段99號6樓之1,27,電腦,105/10/28,202606,02-87510123,30000000,視聽電子產品,股份有限公司,1
97047403,華海有限公司,新北市八里區龍源里頂寮一街26號(1樓),25,金屬製品製造業,85/06/25,202606,02-2618-2370,10000000,其他金屬製品、家具,有限公司,1
86285080,華聯輪胎股份有限公司,新北市八里區下罟里中山路3段177號,21,橡膠製品製造業,80/09/16,202606,,5000000,橡膠製品,股份有限公司,1
70372502,証傳科技股份有限公司一廠,新北市樹林區山佳里八德街584號,25,金屬製品製造業,88/06/14,202606,02-26804988,50000000,其他金屬製品、電腦及其週邊設備,股份有限公司,1
25102601,閎亮科技有限公司,新北市三重區中興里重新路5段609巷4號8樓之2,27,電腦,99/02/05,202606,02-29991232,7500000,電腦及其週邊設備,有限公司,1
23588538,雅登廚飾國際有限公司一廠,新北市八里區龍源里頂寮一街26號(1樓),25,金屬製品製造業,78/11/08,202606,02-28946006,28000000,其他金屬製品、家具,有限公司,1
19871337,匯元工程行,新北市新店區德安里車子路119號之3,14,木竹製品製造業,85/10/24,202606,02-22110162,10200000,木竹製品,合夥,1
84248224,圓弧精密彎型有限公司,新北市樹林區南園里佳園路3段101巷20號,25,金屬製品製造業,82/04/22,202606,,5000000,金屬加工處理,有限公司,1
90423775,照延企業有限公司,新北市樹林區獇寮里保安街2段351巷1號,25,金屬製品製造業,110/11/15,202606,,300000,其他金屬製品、家用電器、通用機械設備,有限公司,1
90029680,群旭工程有限公司,新北市汐止區環河里福德一路405巷30弄6號(1樓),28,電力設備及配備製造業,111/11/24,202606,,1000000,家用電器、通用機械設備,有限公司,1
96787724,誫基科技股份有限公司,新北市汐止區樟樹里大同路1段276之2號7樓,26,電子零組件製造業,113/05/10,202606,,50000000,其他電子零組件,股份有限公司,1
70699465,儀錩企業有限公司,新北市三重區中興里重新路5段609巷18號6樓之5,29,機械設備製造業,89/01/28,202606,02-86861516,5000000,其他專用機械設備,有限公司,1
69644323,廣業企業有限公司三重廠,新北市三重區頂崁里新北大道2段107號(1樓),12,成衣及服飾品製造業,106/05/01,202606,02-82095833,10000000,成衣,有限公司,1
82949278,歐嬤德式美食有限公司新北廠,新北市新店區復興里中正路541號4樓,08,食品製造業,109/12/01,202606,,10000000,其他食品,有限公司,1
12785483,磐宏有限公司土城廠,新北市土城區清化里石門路55號,15,紙漿,90/04/17,202606,,8000000,瓦楞紙板及紙容器,有限公司,1
60651001,鋭亞智禮有限公司,新北市新店區寶興里中興路2段218巷4號2樓,08,食品製造業,114/07/31,202606,0921821636,500000,其他食品,有限公司,1
53432787,閱德科技有限公司,新北市五股區興珍里五權八路40號(4樓),25,金屬製品製造業,100/08/25,202606,02-22991900,10000000,金屬刀具、手工具及模具、其他金屬製品,有限公司,1
24715358,震凱有限公司二廠,新北市樹林區山佳里八德街586號,25,金屬製品製造業,103/12/18,202606,,3000000,其他金屬製品、通用機械設備、金屬刀具、手工具及模具,有限公司,1
89118164,叡盈實業股份有限公司,新北市土城區頂埔里中央路4段51號7樓之6,27,電腦,112/02/15,202606,02-22682878,14916660,量測、導航、控制設備及鐘錶、光學儀器及設備,股份有限公司,1
62191145,衡鎰實業有限公司,新北市新莊區頭前里化成路476巷24號(1樓),08,食品製造業,115/03/30,202606,,3000000,肉類加工,有限公司,1
17624732,懋群實業社,新北市蘆洲區中華里正和街61號(1樓),33,其他製造業,89/02/15,202606,,200000,育樂用品,獨資,1
86617378,環華工業股份有限公司三重二廠,新北市三重區頂崁里中興北街224號(1樓),25,金屬製品製造業,81/04/14,202606,02-22772966,160000000,金屬加工處理、通用機械設備,股份有限公司,1
60342049,駿業科技工程有限公司,新北市新莊區福營里福營路97巷5號一樓,25,金屬製品製造業,115/02/25,202606,,8000000,其他金屬製品、金屬刀具、手工具及模具、金屬結構及建築組件,有限公司,1
28749013,駿業鋼鋁門窗有限公司,新北市八里區大崁里忠孝路272號,25,金屬製品製造業,96/07/04,202606,,2000000,金屬結構及建築組件,有限公司,1
86262642,鴻匠木器有限公司二廠,新北市新莊區福營里中正路653號7樓,32,家具製造業,80/08/15,202606,03-9876689,13500000,家具,有限公司,1
04541302,鴻海精密工業股份有限公司綠循環大樓廠,新北市土城區沛陂里三民路10號(1樓),19,其他化學製品製造業,63/02/20,202606,02-22683466,180000000000,未分類其他化學製品,股份有限公司,1
83671546,壢柏企業有限公司,新北市新莊區化成里化成路63巷22弄1號,25,金屬製品製造業,109/07/15,202606,,1000000,金屬結構及建築組件,有限公司,1
42284107,麒翔企業行,新北市土城區大安里忠承路23號(1樓),22,塑膠製品製造業,104/08/20,202606,,240000,塑膠製品,獨資,1
60517785,么九股份有限公司,新北市汐止區文化里新台五路1段102號17樓,09,飲料製造業,114/09/19,202605,,500000,酒精飲料,股份有限公司,1
95874051,大元空調工程行,新北市泰山區大科里大科路433號之1,25,金屬製品製造業,84/10/13,202605,,2000000,其他金屬製品,獨資,1
28898890,今盛有限公司,新北市八里區龍源里頂寮一街26號4樓,25,金屬製品製造業,96/12/19,202605,,4500000,金屬結構及建築組件,有限公司,1
28137040,友達機電有限公司,新北市鶯歌區西鶯里中山路166巷10號,29,機械設備製造業,95/03/31,202605,,20000000,通用機械設備,有限公司,1
53552826,天窩國際有限公司五股廠,新北市五股區興珍里中興路1段168號1樓,19,其他化學製品製造業,100/11/08,202605,02-25862991,1000000,清潔用品及化粧品,有限公司,1
62257928,日韡特殊螺絲有限公司,新北市三重區永發里中正北路315巷6弄8號(1樓),25,金屬製品製造業,115/04/28,202605,,1000000,其他金屬製品,有限公司,1
62226355,台溫電控有限公司,新北市樹林區東山里中山路2段151巷15弄32號(1樓),28,電力設備及配備製造業,115/04/27,202605,0955682086,1000000,家用電器、其他專用機械設備,有限公司,1
27576816,弘采介護有限公司,新北市新店區復興里中正路四維巷4號,33,其他製造業,94/03/31,202605,02-86672081,1000000,醫療器材及用品,有限公司,1
22324051,正淩精密工業股份有限公司白天鵝廠,新北市汐止區北山里康寧街169巷8-12號5樓、8-13號5樓,26,電子零組件製造業,75/10/21,202605,02-66162000,980000000,其他電子零組件、電腦及其週邊設備,股份有限公司,1
34439389,全秀山木材行,新北市三峽區大埔里中正路2段391號,14,木竹製品製造業,70/03/11,202605,,40000,木竹製品,獨資,1
24884023,全輝生物醫學股份有限公司,新北市汐止區文化里新台五路1段110號17樓,08,食品製造業,104/04/02,202605,02-25520418,30000000,其他食品,股份有限公司,1
05640835,名威科技實業有限公司,新北市中和區連和里中山路2段327巷13號5樓,26,電子零組件製造業,73/10/24,202605,02-2369-1029,5000000,其他電子零組件,有限公司,1
86239538,安翊企業股份有限公司中和廠,新北市中和區平河里中正路786號4樓,29,機械設備製造業,80/07/13,202605,02-3234-0206,50000000,通用機械設備,股份有限公司,1
28849913,百鐵鋼材企業有限公司蘆洲廠,新北市蘆洲區得仁里和平路53號,25,金屬製品製造業,97/03/06,202605,,6000000,金屬結構及建築組件、家具,有限公司,1
83289605,至崧企業有限公司土城廠,新北市土城區員仁里中央路2段394巷8號(1、2、3、4樓),08,食品製造業,109/12/07,202605,,14000000,蔬果加工、其他食品,有限公司,1
90022618,艾斯芸防偽科技有限公司,新北市新莊區營盤里中正路544號2樓,16,印刷及資料儲存媒體複製業,111/09/29,202605,02-29902128,17200000,印刷及資料儲存媒體複製,有限公司,1
93513928,京諺展覽有限公司汐止廠,新北市汐止區中興里福德三路367號8樓,25,金屬製品製造業,112/11/29,202605,,1000000,其他金屬製品、金屬結構及建築組件,有限公司,1
52656268,京諺國際展覽有限公司汐止廠,新北市汐止區中興里福德三路367號8樓,25,金屬製品製造業,106/04/21,202605,02-28135511,10000000,其他金屬製品、金屬結構及建築組件,有限公司,1
60715770,佳倢精密工業有限公司,新北市新莊區西盛里民安東路139巷4號(1樓),25,金屬製品製造業,114/04/15,202605,,1000000,金屬刀具、手工具及模具,有限公司,1
18257333,奇昌企業社樹林廠,新北市樹林區北園里佳園路2段15巷9弄17號(1樓),29,機械設備製造業,89/08/10,202605,,200000,金屬加工用機械設備、通用機械設備,獨資,1
54725425,承威工業有限公司五股廠,新北市五股區興珍里國道路3段8巷8號(1樓),28,電力設備及配備製造業,103/06/09,202605,02-28573548,20000000,發電、輸電及配電機械、通用機械設備、汽車零件,有限公司,1
00011489,昌昇新展業有限公司樹林廠,新北市樹林區圳生里三俊街215之6號,25,金屬製品製造業,114/01/07,202605,,1500000,金屬刀具、手工具及模具,有限公司,1
28293267,昌陽科技有限公司,新北市樹林區東山里中山路2段151巷35號(1樓),23,非金屬礦物製品製造業,95/10/02,202605,,15000000,玻璃及其製品,有限公司,1
83116105,東采織品製作有限公司二廠,新北市三重區大有里中正北路508巷77之1號,12,成衣及服飾品製造業,109/09/17,202605,0222781389,15000000,成衣,有限公司,1
83037073,泓道國際股份有限公司,新北市汐止區樟樹里大同路1段183號2樓之1,29,機械設備製造業,112/04/07,202605,02-26431234,7500000,其他專用機械設備,股份有限公司,1
95496543,城市礦業股份有限公司,新北市林口區東林里粉寮路2段14號,29,機械設備製造業,114/03/04,202605,02-86018270,50000000,其他專用機械設備,股份有限公司,1
97300685,宣城科技股份有限公司,新北市中和區中原里中正路880號10樓之1、10樓之2,15,紙漿,85/12/05,202605,02-22289838,30000000,其他紙製品、印刷及資料儲存媒體複製,股份有限公司,1
83171710,恆續科技股份有限公司,新北市三重區頂崁里光復路2段80號8樓之1,27,電腦,109/10/26,202605,02-2228-8258,30000000,電腦及其週邊設備、量測、導航、控制設備及鐘錶,股份有限公司,1
60573759,星垣工業有限公司,新北市土城區大安里中華路2段116號(1樓),25,金屬製品製造業,114/06/04,202605,,1000000,金屬刀具、手工具及模具、通用機械設備,有限公司,1
83258878,星睿營造有限公司,新北市樹林區三多里俊興街211巷7弄19號(1樓),25,金屬製品製造業,109/11/16,202605,,12000000,金屬結構及建築組件,有限公司,1
23634575,皇藝室內裝修有限公司汐止廠,新北市汐止區環河里福德一路408號(1樓),32,家具製造業,79/03/21,202605,,50000000,家具,有限公司,1
23810592,相互股份有限公司,新北市新莊區頭前里化成路195巷25號(1樓至4樓及夾層),26,電子零組件製造業,79/07/19,202605,02-22763210,1000000000,印刷電路板,股份有限公司,1
28209959,唐碩科技股份有限公司,臺北市內湖區湖元里瑞湖街一０三號五樓之三,26,電子零組件製造業,95/08/09,202605,02-85023508,300000000,被動電子元件,股份有限公司,1
91066091,家禾精密工業股份有限公司二廠,新北市五股區興珍里四維路30巷34弄15號(1樓),25,金屬製品製造業,110/08/18,202605,,4000000,金屬加工處理、其他金屬製品、金屬刀具、手工具及模具,股份有限公司,1
16406379,家登精密工業股份有限公司三峽虎躍廠,新北市三峽區龍恩里隆恩街158巷9號,25,金屬製品製造業,87/03/20,202605,02-22691980,1500000000,金屬刀具、手工具及模具,股份有限公司,1
83545675,峰誠國際股份有限公司,新北市土城區大安里忠承路89號10樓,25,金屬製品製造業,109/03/03,202605,02-22673146,100000000,金屬刀具、手工具及模具、金屬加工處理、其他金屬製品,股份有限公司,1
29139849,悅宇科技有限公司,新北市新莊區西盛里新樹路333巷22之1號、3樓、4樓,26,電子零組件製造業,99/03/04,202605,02-22068300,10000000,其他電子零組件,有限公司,1
62197106,海凡達有限公司,新北市汐止區中興里福德一路342巷3弄15號(1樓),22,塑膠製品製造業,115/04/20,202605,02-27527461#18,5000000,塑膠製品、其他金屬製品,有限公司,1
35320675,海外製衣廠股份有限公司新莊廠,新北市新莊區福基里新北大道2段312號4樓,12,成衣及服飾品製造業,61/08/08,202605,02-29800139,70000000,成衣,股份有限公司,1
53433651,崇鼎工坊有限公司,新北市瑞芳區上天里大寮路84號之1,25,金屬製品製造業,100/08/30,202605,02-29430269,1000000,其他金屬製品,有限公司,1
91046700,捷立康生物科技股份有限公司,臺北市內湖區港墘里瑞光路三五八巷三十二號二樓之一,33,其他製造業,110/07/29,202605,0939951354,2000000000,醫療器材及用品,股份有限公司,1
89507142,捷冠企業股份有限公司,新北市樹林區圳生里三俊街218號(2樓),25,金屬製品製造業,84/05/06,202605,,15000000,金屬刀具、手工具及模具、汽車零件,股份有限公司,1
14033283,晨光照明有限公司,新北市三重區頂崁里光復路2段80之7號(1樓),28,電力設備及配備製造業,64/08/11,202605,02-22850909,5000000,照明設備及配備,有限公司,1
22300213,連亞企業有限公司,新北市五股區興珍里中興路1段1巷12弄46號,25,金屬製品製造業,75/11/15,202605,02-29819573,3000000,其他金屬製品,有限公司,1
60378067,創睿智能科技股份有限公司,新北市中和區中原里板南路498號7樓之6,29,機械設備製造業,115/01/29,202605,,50000000,通用機械設備,股份有限公司,1
54860012,富海軒國際貿易有限公司,新北市樹林區三龍里三俊街5之11號2樓,08,食品製造業,104/08/03,202605,02-82286065,28500000,肉類加工,有限公司,1
97063938,富堂精密股份有限公司,新北市新莊區瓊林里瓊林南路103巷8弄39號(1樓),25,金屬製品製造業,85/07/15,202605,02-29742578,5000000,其他金屬製品,股份有限公司,1
60435026,詠藝印刷有限公司,新北市中和區中原里板南路496之7號1樓,16,印刷及資料儲存媒體複製業,114/11/14,202605,,1000000,印刷及資料儲存媒體複製,有限公司,1
60037998,聖益興企業社,新北市五股區五福里成泰路2段147巷34、35號,25,金屬製品製造業,114/04/29,202605,,1000000,金屬加工處理,合夥,1
12949872,達永企業有限公司,新北市八里區龍源里龍形一街33巷2之1號(A、D、F棟),22,塑膠製品製造業,90/10/02,202605,,500000,塑膠製品,有限公司,1
83667917,鼎宬工業有限公司,新北市八里區頂罟里文昌路99、101號,25,金屬製品製造業,109/07/09,202605,,1000000,金屬刀具、手工具及模具、金屬加工處理、其他金屬製品,有限公司,1
16314870,鼎鑫德科技工業有限公司,新北市泰山區貴和里明志路3段478號8樓之2,27,電腦,87/03/18,202605,02-85228299,10000000,量測、導航、控制設備及鐘錶、其他專用機械設備,有限公司,1
50970852,臺灣利利普股份有限公司,新北市汐止區樟樹里大同路1段179號8樓,28,電力設備及配備製造業,107/11/07,202605,02-29742228,12000000,其他電力設備及配備、量測、導航、控制設備及鐘錶,股份有限公司,1
66571156,億凌實業有限公司新莊廠,新北市新莊區西盛里新樹路293巷3號,22,塑膠製品製造業,106/05/01,202605,02-29950118,1000000,塑膠製品,有限公司,1
62217187,鋼益實業有限公司,新北市樹林區圳民里中正路264巷8號(1樓),25,金屬製品製造業,115/04/02,202605,,2500000,金屬刀具、手工具及模具、其他金屬製品、通用機械設備,有限公司,1
18257066,謙益工程行,新北市樹林區圳生里三俊街135巷76號1樓,25,金屬製品製造業,89/08/09,202605,02-26193664,3800000,金屬結構及建築組件、其他金屬製品,獨資,1
60325674,駿宇電機有限公司,新北市樹林區三多里三德街17巷11號,28,電力設備及配備製造業,115/03/11,202605,,2000000,發電、輸電及配電機械、其他電力設備及配備,有限公司,1
23272593,駿隆機械有限公司大安廠,新北市樹林區坡內里大安路532號5樓,29,機械設備製造業,78/05/29,202605,02-26841580,60000000,其他專用機械設備、通用機械設備、金屬刀具、手工具及模具,有限公司,1
60353360,鴻圓食品國際有限公司,新北市五股區興珍里五工二路104號3樓,08,食品製造業,114/12/31,202605,,2000000,其他食品,有限公司,1
60334126,曜杉科技股份有限公司,新北市鶯歌區永昌里鶯桃路91巷31弄16號,22,塑膠製品製造業,115/03/26,202605,,30000000,塑膠製品,股份有限公司,1
69394900,禮忠食品股份有限公司新莊廠,新北市新莊區西盛里瓊林南路177號(1樓),29,機械設備製造業,107/03/23,202605,,1300000,其他專用機械設備,股份有限公司,1
16619628,雙鴻科技股份有限公司五股三廠,新北市五股區興珍里五工六路53號,26,電子零組件製造業,87/08/24,202605,02-89901653,1200000000,其他電子零組件、電腦及其週邊設備,股份有限公司,2
83616447,響像科技有限公司,新北市新莊區福興里五權一路9號5樓之2,27,電腦,109/04/29,202605,02-2299-1971,10000000,視聽電子產品、照明設備及配備,有限公司,1
86406155,上運電機工程有限公司,新北市三重區頂崁里新北大道2段139巷23號1樓,28,電力設備及配備製造業,80/11/25,202604,,12000000,發電、輸電及配電機械,有限公司,1
24362241,大信機電工程有限公司二廠,新北市樹林區彭厝里東豐街49巷12號(1樓),28,電力設備及配備製造業,98/03/02,202604,,2000000,發電、輸電及配電機械、電線及配線器材,有限公司,1
28954077,天承精密工業有限公司樹林廠,新北市樹林區北園里佳園路2段15巷9弄17號(1樓),29,機械設備製造業,97/03/31,202604,02-26689890,15000000,金屬加工用機械設備、通用機械設備,有限公司,1
22993947,天源特殊鋼有限公司,新北市新莊區化成里化成路6號(1樓),24,基本金屬製造業,77/08/19,202604,02-29970818,5000000,鋼鐵,有限公司,1
89509155,日月星停車場事業有限公司,新北市樹林區東山里中華路379巷62弄26號(1樓),29,機械設備製造業,84/05/09,202604,,10000000,其他專用機械設備,有限公司,1
23082453,比利迦實業股份有限公司,新北市中和區碧河里中山路2段357巷2號1-6樓、2之1號1-6樓、2之2號1-6樓,26,電子零組件製造業,77/12/05,202604,02-2245-2921,300000000,其他電子零組件,股份有限公司,1
34040733,北海電業行二廠,新北市樹林區圳福里俊英街17號之11,29,機械設備製造業,75/03/15,202604,02-29682812,5000000,其他專用機械設備,獨資,1
24932019,台研國際科技股份有限公司,新北市土城區員仁里新洲路98號4樓,27,電腦,104/01/28,202604,02-27420277,100000000,通訊傳播設備,股份有限公司,1
01938080,弘晟塑膠廠樹林廠,新北市樹林區彭厝里東豐街49巷8弄3號,22,塑膠製品製造業,77/04/27,202604,,500000,塑膠製品,獨資,1
28043803,弘潤生技股份有限公司,新北市三芝區圓山里石曹子坑69之1號,25,金屬製品製造業,94/11/30,202604,02-26371216,10000000,金屬容器,股份有限公司,1
28965898,永業新技有限公司新莊廠,新北市新莊區化成里化成路113巷70號(1樓),22,塑膠製品製造業,97/04/16,202604,02-22796288,1000000,塑膠製品、金屬刀具、手工具及模具,有限公司,1
00135778,立明金屬工程有限公司,新北市樹林區北園里佳園路2段15巷5號1樓,25,金屬製品製造業,113/12/05,202604,,500000,金屬結構及建築組件,有限公司,1
54652160,立達興科技股份有限公司,新北市三重區中興里重新路5段609巷14號8樓之8,28,電力設備及配備製造業,102/11/26,202604,02-22953870,10000000,其他電力設備及配備,股份有限公司,1
23344013,名品建材股份有限公司第一廠,新北市汐止區保長里大安街60號,22,塑膠製品製造業,78/10/07,202604,,60000000,塑膠製品,股份有限公司,2
90768926,安旭精密有限公司,新北市泰山區山腳里泰林路2段292巷15號1~2樓,25,金屬製品製造業,110/03/23,202604,,2200000,金屬刀具、手工具及模具,有限公司,1
84835498,安芝有限公司,新北市八里區大崁里忠孝路192號,25,金屬製品製造業,83/04/19,202604,,1000000,金屬加工處理,有限公司,1
80323903,安美特企業有限公司,新北市板橋區廣福里信義路163巷1號9樓,22,塑膠製品製造業,92/04/29,202604,02-89668250,15000000,塑膠製品,有限公司,1
42857174,米狄恩科技有限公司,新北市土城區永寧里永寧路32巷41弄4號(1樓),29,機械設備製造業,105/03/07,202604,02-27948905,5000000,其他專用機械設備,有限公司,1
28549681,吟昌國際有限公司二廠,新北市樹林區圳生里俊興街210巷11號(1樓),22,塑膠製品製造業,95/12/27,202604,02-26880180,10000000,塑膠製品,有限公司,1
29168344,材霈有限公司中和一廠,新北市中和區員山里員山路502號3樓之2,25,金屬製品製造業,99/07/08,202604,,40000000,其他金屬製品,有限公司,2
28630346,邦唯複合科技有限公司,新北市新莊區西盛里瓊林南路187巷19號(1樓),22,塑膠製品製造業,96/03/27,202604,02-22075388,10000000,塑膠製品,有限公司,1
60619426,京品科技有限公司,新北市樹林區東山里東順街57巷22號1樓,25,金屬製品製造業,114/07/29,202604,,200000,金屬結構及建築組件,有限公司,1
87100982,和旺金屬工程行,新北市土城區永寧里永平街47號1樓,25,金屬製品製造業,109/06/10,202604,,2230000,金屬結構及建築組件,獨資,1
22293466,坤緯精密股份有限公司樹林廠,新北市樹林區三龍里三俊街65巷18弄36號(1樓),25,金屬製品製造業,75/11/03,202604,02-29950699,5000000,金屬刀具、手工具及模具,股份有限公司,1
80110541,奇軒包裝有限公司鶯歌廠,新北市鶯歌區永昌里永昌街186之1號,15,紙漿,91/12/27,202604,02-86711973,10000000,瓦楞紙板及紙容器,有限公司,1
54015986,奇畿科技股份有限公司三廠,新北市新莊區福營里中正路657之10號8樓,27,電腦,101/10/17,202604,02-29010611,120000000,電腦及其週邊設備,股份有限公司,1
00204161,尚德塑膠工業有限公司樹林廠,新北市樹林區圳安里俊英街116巷41弄32號(1樓),22,塑膠製品製造業,113/10/01,202604,02-86751382,3000000,塑膠製品,有限公司,1
24436095,昌德紡織科技有限公司,新北市樹林區三多里三俊街32號,12,成衣及服飾品製造業,98/07/03,202604,02-26882751,3000000,成衣、印刷及資料儲存媒體複製,有限公司,1
28518982,易利通物流有限公司鶯歌廠,新北市鶯歌區二甲里環河路190號3樓,16,印刷及資料儲存媒體複製業,95/11/13,202604,,4000000,印刷及資料儲存媒體複製,有限公司,1
80279759,東立物流股份有限公司南一廠,新北市八里區下罟里中山路3段388之32號(1樓),25,金屬製品製造業,91/09/26,202604,02-80069009,1210000000,其他金屬製品、通用機械設備、汽車零件,股份有限公司,2
87318692,松泰花板企業社,新北市樹林區南園里佳園路3段101巷18號,14,木竹製品製造業,109/05/07,202604,,200000,木竹製品,獨資,1
93788003,金瑋企業有限公司,新北市土城區日新里日新街43號,32,家具製造業,112/05/18,202604,,2000000,家具,有限公司,1
23691792,長泰炭素有限公司一廠,新北市樹林區彭厝里東豐街49巷59號(1樓),23,非金屬礦物製品製造業,79/04/04,202604,02-26874785,5000000,耐火、黏土建材及其他陶瓷製品、通用機械設備,有限公司,1
96935788,冠達布業有限公司聯合廠,新北市三重區中興里重新路5段653號1樓,11,紡織業,85/02/08,202604,02-89850000,50000000,染整、紡織品、成衣,有限公司,1
23004491,南忻工業有限公司,新北市泰山區楓樹里明志路1段122巷22號,25,金屬製品製造業,77/09/06,202604,,9000000,金屬刀具、手工具及模具、其他金屬製品,有限公司,1
29036421,哈肯舖股份有限公司汐止廠,新北市汐止區環河里南陽街258號4樓,08,食品製造業,97/06/16,202604,02-29137444,29000000,其他食品,股份有限公司,1
54014987,恆品國際有限公司,新北市三重區頂崁里重光街8號,08,食品製造業,101/10/12,202604,02-22855271,2000000,水產加工,有限公司,1
10609222,盈捷企業社樹林廠,新北市樹林區圳安里俊英街224巷22號(1樓)及22之1號(1樓),25,金屬製品製造業,97/05/02,202604,,200000,其他金屬製品,獨資,1
54186073,盈新五金開發有限公司,新北市蘆洲區溪墘里信義路89號(1樓),11,紡織業,102/04/25,202604,02-2596-5977,23000000,紡織品、其他金屬製品,有限公司,1
89826693,研豪精機有限公司,新北市土城區員仁里大安路140號(1樓),25,金屬製品製造業,85/01/11,202604,,1000000,其他金屬製品、金屬加工用機械設備,有限公司,1
42720380,科納美股份有限公司,新北市樹林區東山里東順街82之3號4樓,28,電力設備及配備製造業,107/05/03,202604,(02)8686-0870,10000000,照明設備及配備,股份有限公司,1
28322755,美成國際服飾有限公司三重廠,新北市三重區福隆里溪尾街108巷46弄19號1樓,12,成衣及服飾品製造業,95/05/25,202604,02-22024806,9000000,成衣,有限公司,1
94229128,美商開騰產業整合服務股份有限公司台灣分公司新明二廠,臺北市內湖區石潭里新明路一二二之六號,26,電子零組件製造業,112/10/26,202604,,60000000,其他電子零組件,外國公司之分公司,1
16669345,美速企業有限公司,新北市樹林區彭厝里東豐街49巷22弄34號,29,機械設備製造業,87/10/03,202604,02-22967732,25000000,通用機械設備,有限公司,1
00124511,英川精密工業有限公司,新北市樹林區三龍里三龍街120號(1樓),25,金屬製品製造業,113/09/05,202604,0963291805,405000,其他金屬製品,有限公司,1
60663273,貞福誠企業股份有限公司,新北市中和區中原里立德街211號2樓,08,食品製造業,114/08/27,202604,,10000000,其他食品,股份有限公司,1
89194346,原氣醫療器材股份有限公司,新北市中和區中原里橋和路11號5樓、13號5樓,33,其他製造業,111/12/15,202604,02-22465565,300000000,醫療器材及用品,股份有限公司,1
83453112,晉晟工業有限公司一廠,新北市樹林區山佳里新興街37巷30號,22,塑膠製品製造業,108/12/17,202604,,500000,塑膠製品,有限公司,1
72662598,偉創工程行,新北市土城區員仁里亞洲路108巷1弄24號1樓,25,金屬製品製造業,106/07/25,202604,,200000,金屬結構及建築組件,獨資,1
50850385,晨翔紙業股份有限公司三芝廠,新北市三芝區古庄里四棧橋53之7號,15,紙漿,107/09/13,202604,0987268108,10000000,其他紙製品,股份有限公司,1
33725434,添友實業有限公司,新北市泰山區楓樹里美寧街65號,25,金屬製品製造業,62/08/07,202604,,20000000,其他金屬製品,有限公司,1
83572877,盛詮包裝科技股份有限公司,新北市中和區中原里立德街7巷11號(4樓),16,印刷及資料儲存媒體複製業,109/01/13,202604,02-32341221,10000000,印刷及資料儲存媒體複製、瓦楞紙板及紙容器,股份有限公司,1
02108631,祥欣商行,新北市鶯歌區中湖里大湖路306巷8號之6,23,非金屬礦物製品製造業,103/05/06,202604,0937174782,1050000,耐火、黏土建材及其他陶瓷製品、織布、石材製品,合夥,1
91435335,祥英企業社,新北市樹林區和平里鎮前街269巷5號(1樓),29,機械設備製造業,111/05/20,202604,,1000000,金屬加工用機械設備、其他電子零組件,獨資,1
80075761,笠晟股份有限公司一廠,新北市樹林區山佳里新興街37巷30號,22,塑膠製品製造業,91/11/07,202604,02-29044830,50000000,塑膠製品,股份有限公司,1
09803297,翊誠企業社,新北市樹林區南園里柑園街一段65巷43、45號,25,金屬製品製造業,96/04/09,202604,,5200000,其他金屬製品,合夥,1
68566876,連騰科技股份有限公司,新北市新店區寶福里寶興路45巷9弄2號4樓,26,電子零組件製造業,106/12/08,202604,02-29175598#1601,600000000,其他電子零組件、通訊傳播設備,股份有限公司,1
84687383,普及企業有限公司,新北市樹林區三龍里三龍街138號,26,電子零組件製造業,83/02/08,202604,02-86883727,10000000,其他電子零組件,有限公司,1
02424285,晶英廚具行新莊廠,新北市新莊區頭前里化成路339之1號(1樓),32,家具製造業,102/12/13,202604,,100000,家具,獨資,1
25004192,統欣鋼管有限公司,新北市新莊區西盛里大安路10巷1號,25,金屬製品製造業,98/07/30,202604,,500000,金屬加工處理、其他金屬製品,有限公司,1
49683993,翔發企業社,新北市樹林區三多里三德街33號(1樓),25,金屬製品製造業,105/10/04,202604,,100000,其他金屬製品,獨資,1
28357228,華穎精密機械股份有限公司樹林廠,新北市樹林區三龍里三俊街65巷4弄2號1樓,29,機械設備製造業,95/07/12,202604,02-29951333,10000000,其他專用機械設備,股份有限公司,1
97352867,進揚有限公司,新北市樹林區東園里柑園街1段157號之51,25,金屬製品製造業,86/01/03,202604,,1000000,金屬刀具、手工具及模具、汽車零件,有限公司,1
60379354,鈞亭食品有限公司,新北市三峽區添福里添福14之19號,08,食品製造業,115/01/14,202604,,3500000,肉類加工,有限公司,1
47079055,順正興業有限公司,新北市樹林區三龍里三龍街94巷15號1樓,29,機械設備製造業,105/07/05,202604,,1000000,通用機械設備,有限公司,1
54692640,順茂鋼鋁有限公司,新北市三峽區大埔里中園街110之2號1樓,25,金屬製品製造業,103/01/14,202604,,1000000,金屬結構及建築組件、其他金屬製品,有限公司,1
80158306,嵩慶欣業有限公司新莊二廠,新北市新莊區頭前里化成路660巷27號(1樓),30,汽車及其零件製造業,92/01/28,202604,02-85221177,4370000,汽車零件,有限公司,1
16186501,新力香食品股份有限公司三鶯廠,新北市三峽區龍恩里隆恩街178巷20之18號,08,食品製造業,86/08/04,202604,02-86743616#34,29450000,肉類加工、水產加工、蔬果加工,股份有限公司,1
28393934,極品門金屬實業有限公司,新北市新莊區丹鳳里中正路855巷7弄8號(1樓),25,金屬製品製造業,95/09/04,202604,,5000000,金屬結構及建築組件,有限公司,1
53720507,極緻排氣管工業有限公司,新北市汐止區環河里福德一路351巷11弄2號(1樓),30,汽車及其零件製造業,101/07/30,202604,,500000,汽車零件,有限公司,1
54699307,瑞韋工程有限公司,新北市樹林區三龍里三龍街80巷4號,28,電力設備及配備製造業,103/02/21,202604,,10000000,照明設備及配備,有限公司,1
90403551,瑞德室內裝修有限公司,新北市板橋區成和里大觀路3段36巷117弄2號,32,家具製造業,111/07/22,202604,,100000,家具,有限公司,1
60604731,萬能精密工業股份有限公司,新北市樹林區圳生里三龍街216號(1樓),25,金屬製品製造業,114/06/13,202604,,1000000,其他金屬製品、通用機械設備、金屬刀具、手工具及模具,股份有限公司,1
23000761,萬樟工業股份有限公司,新北市樹林區三龍里三龍街150號(1樓),25,金屬製品製造業,77/08/31,202604,02-26763598,11000000,其他金屬製品,股份有限公司,1
16586324,誠麗實業股份有限公司,新北市五股區興珍里五工二路104號5樓,08,食品製造業,87/05/16,202604,02-28271901,15000000,蔬果加工,股份有限公司,1
94127797,達文股份有限公司,新北市中和區平河里中正路700號14樓之6,27,電腦,112/06/05,202604,02-22466085,32393610,電腦及其週邊設備,股份有限公司,1
60633124,鉄川食研有限公司,新北市三峽區嘉添里嘉添181之27號(1、2樓),08,食品製造業,114/09/18,202604,,2000000,肉類加工、其他食品,有限公司,1
27862711,鼎軒興業有限公司,新北市汐止區環河里福德一路381巷12號(1樓),25,金屬製品製造業,94/08/05,202604,,1000000,金屬結構及建築組件,有限公司,1
20675811,臺北福誠汽車有限公司,新北市汐止區中興里福德一路342巷3弄27號(1樓),30,汽車及其零件製造業,60/05/21,202604,02-27887755,6600000,汽車零件,有限公司,1
54878478,築嶪有限公司,新北市新莊區思源里中正路46巷21號(1樓),29,機械設備製造業,104/10/28,202604,02-28094315,1000000,其他專用機械設備、通用機械設備,有限公司,1
24285385,鋼聖鋼鐵有限公司,新北市新莊區福基里化成路389巷31之1號,25,金屬製品製造業,97/12/25,202604,,1000000,金屬結構及建築組件,有限公司,1
61232597,譽宸工程行,新北市樹林區三龍里三俊街161號(1樓),29,機械設備製造業,115/01/12,202604,,200000,通用機械設備,獨資,1
31240357,鷗美有限公司三廠,新北市樹林區三龍里俊興街291號(1樓),32,家具製造業,64/04/14,202604,02-22023856,30000000,家具,有限公司,1
70580537,力頂企業有限公司,新北市三重區福隆里溪尾街14號3樓之3,28,電力設備及配備製造業,89/07/10,202603,02-82870388,5000000,發電、輸電及配電機械、其他專用機械設備、通用機械設備,有限公司,1
54040774,十方貿易有限公司,新北市板橋區成和里大觀路3段36巷5之3號,25,金屬製品製造業,102/02/23,202603,02-77027588,5000000,金屬結構及建築組件,有限公司,1
28546951,上紅科技有限公司,新北市汐止區保新里保長路466號8樓、468號8樓,25,金屬製品製造業,95/12/25,202603,,3000000,金屬刀具、手工具及模具、電腦及其週邊設備,有限公司,1
83467100,大師父五金有限公司,新北市新莊區西盛里新樹路367號(1樓),29,機械設備製造業,109/01/21,202603,,3600000,金屬加工用機械設備,有限公司,1
28819501,大凱開發建設有限公司,新北市新莊區西盛里民安西路460巷15號(1樓),25,金屬製品製造業,96/10/30,202603,,10000000,金屬結構及建築組件、其他金屬製品,有限公司,1
24754176,心誠鎂行動醫電股份有限公司(中和三廠),新北市中和區碧河里建康路156號3樓、158號3樓、160號3樓,25,金屬製品製造業,103/10/06,202603,02-27326596,500000000,金屬刀具、手工具及模具、其他電子零組件,股份有限公司,1
86396038,世淞實業有限公司,新北市樹林區東園里柑園街1段209號之5,22,塑膠製品製造業,80/11/13,202603,,1000000,塑膠製品,有限公司,1
72641237,世鉯工程行,新北市三重區福隆里三和路4段89巷6號(1樓),25,金屬製品製造業,107/01/12,202603,,1500000,其他金屬製品,獨資,1
54307415,仟德有限公司鶯歌廠,新北市鶯歌區大湖里大湖路642號1樓,25,金屬製品製造業,102/10/31,202603,02-22960676,5000000,其他金屬製品,有限公司,1
60573300,台灣電能設備股份有限公司,新北市中和區中原里中板路33號2樓,26,電子零組件製造業,114/06/03,202603,,1000000,其他電子零組件、其他電力設備及配備、發電、輸電及配電機械,股份有限公司,1
90570895,台灣碳鏈能源科技有限公司,新北市三芝區福德里大湖8之7號,25,金屬製品製造業,111/01/22,202603,,48000000,金屬刀具、手工具及模具、其他金屬製品、通用機械設備,有限公司,1
27425894,弘鎮企業股份有限公司樹林廠,新北市樹林區東山里味王街1號1樓(C018棟),22,塑膠製品製造業,93/08/18,202603,,50000000,塑膠製品、金屬刀具、手工具及模具、其他金屬製品,股份有限公司,1
83435261,永捷鐳射企業有限公司,新北市新莊區西盛里新樹路234巷26號(1樓),25,金屬製品製造業,109/03/10,202603,,1000000,其他金屬製品、金屬容器、通用機械設備,有限公司,1
60377742,立百捷有限公司,新北市八里區頂罟里仁愛路124號,25,金屬製品製造業,115/01/27,202603,,300000,金屬結構及建築組件、其他金屬製品,有限公司,1
66384689,同陸金屬股份有限公司樹林廠,新北市樹林區太順里中華路379巷17號(1樓),25,金屬製品製造業,105/12/16,202603,,32000000,金屬結構及建築組件,股份有限公司,1
28191640,汎球生物藥劑研發股份有限公司二廠,新北市五股區興珍里五權二路25號(1~4樓),19,其他化學製品製造業,95/06/08,202603,02-22982433,600000000,未分類其他化學製品,股份有限公司,1
83098057,自由風服飾有限公司橋安廠,新北市中和區中原里橋安街13號7樓,12,成衣及服飾品製造業,109/11/02,202603,,5000000,成衣、服飾品,有限公司,1
54878358,艾柏頓床墊有限公司樹林廠,新北市樹林區三龍里三龍街43號1樓,32,家具製造業,104/10/27,202603,02-2682-5959,5000000,家具,有限公司,1
80272448,宏廷企業有限公司,新北市中和區中原里中板路18巷2弄12號(1樓),09,飲料製造業,91/09/03,202603,,2000000,非酒精飲料,有限公司,1
00038473,亞鉅工程有限公司,新北市樹林區圳生里三俊街255巷2弄5號(1樓),25,金屬製品製造業,113/08/21,202603,,5000000,其他金屬製品、金屬結構及建築組件,有限公司,1
24241113,享峻有限公司樹林廠,新北市樹林區三龍里三俊街65巷18弄36號(1樓),25,金屬製品製造業,97/09/30,202603,02-29881538,10000000,金屬刀具、手工具及模具,有限公司,1
60675221,尚岑有限公司,新北市新莊區頭前里化成路293巷7號(1樓)及9號(1樓),08,食品製造業,114/03/18,202603,,500000,其他食品、蔬果加工,有限公司,1
80452650,尚鴻開發科技資訊有限公司,新北市汐止區保新里保長路458號8樓、460號8樓、462號8樓、470號8樓、472號8樓、476號8樓,27,電腦,92/07/31,202603,02-24523306,10000000,電腦及其週邊設備、量測、導航、控制設備及鐘錶,有限公司,1
22569864,承泓機械工程有限公司,新北市林口區湖北里湖子路1-6號,25,金屬製品製造業,76/07/18,202603,02-26019280,12000000,金屬容器,有限公司,1
92731947,金和企業社,新北市五股區興珍里中興路1段128巷2號,16,印刷及資料儲存媒體複製業,112/09/22,202603,,200000,印刷及資料儲存媒體複製,獨資,1
26522412,長晉企業社,新北市五股區五股里成泰路2段169號之1,25,金屬製品製造業,99/12/31,202603,,200000,金屬刀具、手工具及模具,獨資,1
84478549,品卓企業股份有限公司二廠,新北市汐止區北山里康寧街153號6樓,13,皮革,82/10/26,202603,02-87515757,80000000,皮革、毛皮及其製品,股份有限公司,1
95473561,昱庭貿易有限公司,新北市新莊區福興里五權一路5號之8(2樓),08,食品製造業,113/08/01,202603,0978068330,2000000,其他食品,有限公司,1
84907106,珅記科技股份有限公司,新北市三重區溪美里溪尾街41號(1樓),26,電子零組件製造業,83/06/16,202603,02-28128219,15000000,其他電子零組件、電線及配線器材,股份有限公司,1
80214519,科定企業股份有限公司,新北市新莊區西盛里環漢路3段522號,22,塑膠製品製造業,91/07/22,202603,02-22963999,1000000000,塑膠製品,股份有限公司,4
80154174,致閣室內裝修股份有限公司,新北市新莊區福營里中正路651之2號8樓,32,家具製造業,92/01/16,202603,02-2767-0825,5000000,家具,股份有限公司,1
28410552,英屬維京群島商祥茂光電科技股份有限公司台灣分公司五股廠,新北市五股區興珍里五工六路49號,26,電子零組件製造業,96/02/02,202603,02-82279189,8704908110,其他電子零組件、通訊傳播設備、光學儀器及設備,外國公司認許,1
24438333,茂辰工業有限公司,新北市樹林區三龍里三龍街3號之7,25,金屬製品製造業,98/07/07,202603,,2000000,其他金屬製品,有限公司,1
12914901,飛國世紀科技股份有限公司,新北市樹林區三多里保安街3段69號(1樓),26,電子零組件製造業,90/10/19,202603,02-29038899,80000000,其他電子零組件,股份有限公司,1
82956925,埊保工程有限公司,新北市汐止區保安里大安街56巷6號(1樓),32,家具製造業,108/07/25,202603,02-26481520,1000000,家具,有限公司,1
54304395,恩煒有限公司,新北市樹林區圳安里中正路261號1樓,25,金屬製品製造業,102/10/18,202603,,300000,其他金屬製品,有限公司,1
60354190,振鵬科技股份有限公司,新北市五股區興珍里五工五路43號(3樓),25,金屬製品製造業,115/01/06,202603,,33000000,金屬刀具、手工具及模具、金屬加工處理、其他金屬製品,股份有限公司,1
12388695,泰慶興業有限公司,新北市樹林區南園里佳園路3段181巷110弄39之2號,25,金屬製品製造業,71/06/19,202603,02-27135966,18000000,金屬結構及建築組件,有限公司,1
60649792,浦松股份有限公司,新北市三重區中興里光復路2段42巷33號(1樓),08,食品製造業,114/07/28,202603,,5000000,肉類加工、其他食品,股份有限公司,1
53725974,神紘國際有限公司樹林廠,新北市樹林區三多里三俊街90巷26號(1樓),30,汽車及其零件製造業,101/08/29,202603,,2500000,車體、汽車零件,有限公司,1
84227620,國力螺絲實業有限公司,新北市新莊區福營里福營路373、375號,25,金屬製品製造業,82/04/02,202603,29060655,5000000,其他金屬製品,有限公司,1
90850707,捷達動力科技有限公司,臺北市南港區合成里忠孝東路六段一八五巷一弄二號,25,金屬製品製造業,110/03/31,202603,02-7752-7629,8000000,金屬結構及建築組件,有限公司,1
28925968,盛貿工業有限公司二廠,新北市樹林區圳福里俊英街2之3號,30,汽車及其零件製造業,97/02/05,202603,02-26825569,800000,汽車零件,有限公司,2
50898418,視銳光科技股份有限公司,臺北市南港區東明里南港路二段九十九之十九號二樓,27,電腦,107/12/04,202603,02-26575639,150000000,電腦及其週邊設備、量測、導航、控制設備及鐘錶,股份有限公司,1
84947515,莫卡企業股份有限公司,新北市中和區平河里建一路249號9樓,16,印刷及資料儲存媒體複製業,83/09/27,202603,02-22229339,15000000,印刷及資料儲存媒體複製,股份有限公司,1
41382474,凱連莊特產食品館,新北市三芝區埔頭里埔頭18之2號(2樓),08,食品製造業,104/06/09,202603,,246000,其他食品,獨資,1
45080083,富伯生醫科技股份有限公司,新北市三重區中興里重新路5段609巷16號6樓之11,33,其他製造業,105/04/15,202603,03-5600660,,醫療器材及用品,股份有限公司,1
90839078,崴鈁有限公司,新北市三重區中興里中興北街42巷50號(1樓),25,金屬製品製造業,110/02/05,202603,,1300000,其他金屬製品,有限公司,1
80035993,統好興業有限公司新北廠,新北市淡水區忠寮里破瓦厝子1之7號,08,食品製造業,92/03/27,202603,,28500000,肉類加工,有限公司,1
90006429,閎鈦企業有限公司,新北市樹林區北園里佳園路2段107號(1樓),25,金屬製品製造業,111/06/16,202603,,1000000,金屬結構及建築組件,有限公司,1
53438620,愛帝國際事業有限公司,新北市泰山區貴和里明志路3段478號8樓之3,29,機械設備製造業,100/09/23,202603,02-8522-2960,3200000,其他專用機械設備、通用機械設備,有限公司,1
30427410,愛鎂華股份有限公司,新北市汐止區中興里福德一路342巷3弄18號(1樓),25,金屬製品製造業,61/06/13,202603,02-27527461-3,29000000,其他金屬製品、塑膠製品,股份有限公司,1
60793347,新視界光動力醫學科技股份有限公司,新北市中和區中原里橋和路88號5樓,33,其他製造業,114/05/19,202603,0920224766,60000000,醫療器材及用品,股份有限公司,1
86392820,溢展企業有限公司二廠,新北市樹林區三龍里三俊街5之12號,25,金屬製品製造業,80/11/07,202603,02-26882888,1000000,金屬結構及建築組件,有限公司,1
24335391,瑞欣電腦股份有限公司一廠,新北市汐止區樟樹里大同路1段306之3號11樓,26,電子零組件製造業,98/03/31,202603,02-26418760,50000000,其他電子零組件、電腦及其週邊設備,股份有限公司,1
00189611,瑞豐開發工程有限公司,新北市土城區員仁里中央路2段390巷35號(1樓),25,金屬製品製造業,113/12/11,202603,,2000000,金屬刀具、手工具及模具、金屬加工處理、其他金屬製品,有限公司,1
60490054,達京系統櫥櫃有限公司,新北市汐止區環河里南陽街268號(1樓),32,家具製造業,114/10/23,202603,,200000,家具,有限公司,1
79983342,鉦昌實業股份有限公司樹林廠,新北市樹林區東園里柑園街1段33巷35號,25,金屬製品製造業,91/06/18,202603,02-22633828,14000000,其他金屬製品,股份有限公司,1
13135728,暢拓電子有限公司,新北市泰山區貴和里明志路3段515號5樓,26,電子零組件製造業,91/07/05,202603,02-22092312,20000000,其他電子零組件、視聽電子產品,有限公司,1
60499800,福禾食品有限公司,新北市樹林區東山里東順街57巷42號,08,食品製造業,114/11/26,202603,,2000000,其他食品,有限公司,1
12614756,遠東楊氏企業有限公司二廠,新北市鶯歌區建德里中正一路阿南巷31之2號,25,金屬製品製造業,89/09/11,202603,,5000000,其他金屬製品,有限公司,1
70506039,廣虹電腦印刷有限公司,新北市樹林區南園里佳園路三段101巷62弄50號之1(1樓、2樓、3樓),16,印刷及資料儲存媒體複製業,89/05/12,202603,02-89901830,10000000,印刷及資料儲存媒體複製,有限公司,1
90073101,穀卡卡有限公司,新北市八里區龍源里頂寮一街28巷16號(1樓、2樓),08,食品製造業,111/09/08,202603,02-26187058,1000000,蔬果加工、其他食品,有限公司,1
86580013,蔚慶鋼鐵有限公司,新北市樹林區東園里田尾街175巷2號,25,金屬製品製造業,81/03/09,202603,,42000000,金屬加工處理,有限公司,1
45901899,穎翔科技股份有限公司總廠,新北市三重區中興里光復路1段88之7號5樓,26,電子零組件製造業,105/04/06,202603,02-85121680,14900000,其他電子零組件、其他專用機械設備,股份有限公司,1
41378582,興富印刷實業社中和廠,新北市中和區中原里中板路15巷7號2樓,16,印刷及資料儲存媒體複製業,104/05/20,202603,,200000,印刷及資料儲存媒體複製,獨資,1
54027863,環美室內裝修科技股份有限公司,新北市板橋區成和里大觀路3段36巷117弄23號(1、2樓),25,金屬製品製造業,101/12/14,202603,02-22721279,60000000,金屬結構及建築組件、其他金屬製品、家具,股份有限公司,1
79952896,騏締科技股份有限公司,新北市中和區平河里建一路186號18樓之4,25,金屬製品製造業,91/05/06,202603,02-3234-6288,33000000,其他金屬製品、其他電子零組件、電腦及其週邊設備,股份有限公司,1
22325002,麗臺科技股份有限公司建一廠,新北市中和區平河里建一路166號8樓,26,電子零組件製造業,75/10/24,202603,02-82265800,4000000000,其他電子零組件、電腦及其週邊設備,股份有限公司,1
12529626,麗鎮企業有限公司,新北市三重區大有里中正北路428巷14號1樓,30,汽車及其零件製造業,73/11/22,202603,02-29873322,5000000,汽車零件,有限公司,1
16897397,鑫亞電子企業有限公司土城二廠,新北市土城區頂埔里中央路4段2號11樓之2、11樓之3,26,電子零組件製造業,88/04/21,202603,02-22257002,40000000,其他電子零組件,有限公司,1
54311348,鑫格食品有限公司一廠,新北市中和區中原里中板路23號、23號2樓、23之1號2樓、23之2號2樓,08,食品製造業,102/11/20,202603,,15000000,其他食品,有限公司,1
60736851,一九九七食品有限公司,臺北市南港區重陽里重陽路二六三巷一號地下層,08,食品製造業,114/05/29,202602,,3500000,其他食品,有限公司,1
83414688,加乘興業有限公司,新北市中和區中原里中山路2段502號(1樓),31,其他運輸工具及其零件製造業,109/12/22,202602,02-82267145,3000000,機車及其零件、自行車及其零件,有限公司,1
53838169,台灣綠能淨化科技股份有限公司,新北市樹林區圳安里俊英街116巷29弄9號(1樓),29,機械設備製造業,101/04/25,202602,02-26846655#202,10000000,通用機械設備,股份有限公司,1
86230488,正德有限公司(二廠),新北市樹林區南園里佳園路3段101巷16號之1,29,機械設備製造業,80/07/02,202602,02-86852425,5000000,金屬加工用機械設備,有限公司,1
27305477,兆富科技有限公司五股廠,新北市五股區興珍里五工五路43號(4樓),25,金屬製品製造業,93/06/02,202602,02-29924478~79,5000000,金屬刀具、手工具及模具、金屬加工處理、其他金屬製品,有限公司,1
96809543,安石股份有限公司,新北市土城區埤塘里千歲路37之1號9樓,29,機械設備製造業,113/07/09,202602,,15000000,通用機械設備,股份有限公司,1
60393813,有晉塑膠有限公司,新北市汐止區茄苳里茄苳路225巷11弄23號(1樓),22,塑膠製品製造業,115/01/16,202602,,1000000,塑膠製品,有限公司,1
00079699,汎亞國際醫療器材股份有限公司,新北市泰山區貴和里明志路3段478號11樓之1,33,其他製造業,114/02/18,202602,02-85222506,5000000,醫療器材及用品,股份有限公司,1
16989733,百里助企業有限公司汐止二廠,新北市汐止區保安里大同路3段196之11號,26,電子零組件製造業,88/08/24,202602,02-86473497,15000000,其他電子零組件、電腦及其週邊設備,有限公司,1
36158996,佑誠螺絲有限公司,新北市三重區頂崁里中興北街180巷21弄7號,25,金屬製品製造業,72/07/12,202602,22854523-4,3000000,其他金屬製品,有限公司,1
42852902,均運開發事業有限公司中和廠,新北市中和區平河里建康路81號7樓,28,電力設備及配備製造業,105/02/18,202602,0932039408,8000000,家用電器,有限公司,1
31719111,壯翊企業社,新北市新莊區西盛里新樹路244巷29號(2樓),32,家具製造業,101/12/13,202602,,200000,家具,獨資,1
54729251,和金機械有限公司樹林一廠,新北市樹林區東山里八德街436巷6弄17號,29,機械設備製造業,103/06/25,202602,02-26684998,3000000,其他專用機械設備、通用機械設備,有限公司,1
24408083,和泰開發科技有限公司,新北市板橋區廣福里和平路6巷1號(4樓),33,其他製造業,98/05/19,202602,02-86725008,2000000,育樂用品,有限公司,1
24787401,欣亞有限公司,新北市樹林區東山里東興街47號(1樓),12,成衣及服飾品製造業,104/01/14,202602,,8000000,成衣,有限公司,1
89624021,金鍏電子股份有限公司一廠,新北市深坑區萬福里北深路3段270巷16之2號,25,金屬製品製造業,84/11/09,202602,02-26647572,400000000,其他金屬製品,股份有限公司,1
90682934,長江電腦科技股份有限公司,新北市樹林區山佳里新興街37巷18之2號,25,金屬製品製造業,110/03/25,202602,02-2698-1196,55000000,金屬刀具、手工具及模具、金屬結構及建築組件、金屬加工處理,股份有限公司,1
90220639,宥勇機械有限公司,新北市新莊區營盤里中正路514巷53弄13號(1樓),25,金屬製品製造業,111/04/01,202602,,200000,其他金屬製品,有限公司,1
42701877,高昇機械有限公司,新北市新莊區頭前里化成路363巷47號(1樓),29,機械設備製造業,105/01/06,202602,,300000,其他專用機械設備,有限公司,1
53740172,康彼斯顧問股份有限公司新店二廠,新北市新店區寶福里寶橋路235巷2號地下一層,25,金屬製品製造業,101/02/24,202602,02-66389958,20000000,金屬刀具、手工具及模具、金屬加工處理、其他電子零組件,股份有限公司,1
22631993,徠福行科技股份有限公司,新北市汐止區環河里福德一路392巷9弄6號1樓,33,其他製造業,76/08/28,202602,02-2790-2577,10000000,育樂用品,股份有限公司,1
60499870,涼夏日記簿股份有限公司,新北市蘆洲區溪墘里中山一路95巷22弄14號(1樓),08,食品製造業,114/11/26,202602,,900000,其他食品,股份有限公司,1
28916829,陸捌肆捌玖玖有限公司,新北市中和區中原里中板路23之2號5樓,22,塑膠製品製造業,96/12/13,202602,02-82281208,500000,塑膠製品,有限公司,1
93379605,華澄有限公司,新北市中和區中原里立德街148巷56號1樓,12,成衣及服飾品製造業,112/04/24,202602,0912360668,10000000,成衣、服飾品,有限公司,1
90423043,詠聯新企業股份有限公司,新北市樹林區東山里味王街1號(E030棟),25,金屬製品製造業,110/11/11,202602,,3000000,金屬刀具、手工具及模具、其他金屬製品、電腦及其週邊設備,股份有限公司,1
24454467,雅辰貿易有限公司,新北市汐止區樟樹里大同路1段235號8樓之2,29,機械設備製造業,98/08/12,202602,02-26538136,6000000,其他專用機械設備,有限公司,1
54295059,匯昇工程有限公司,新北市泰山區山腳里泰林路2段292巷28號(1樓),29,機械設備製造業,102/09/04,202602,,3000000,通用機械設備,有限公司,1
90628876,奧創系統科技有限公司,新北市新莊區福基里福慧路212號5樓,27,電腦,111/02/18,202602,02-22789008,20000000,電腦及其週邊設備、通訊傳播設備、量測、導航,有限公司,1
27337560,愛理企業有限公司,新北市三重區溪美里仁政街70巷22號4樓,12,成衣及服飾品製造業,93/07/05,202602,,5000000,成衣、服飾品,有限公司,1
17749753,源灃實業社樹林一廠,新北市樹林區圳生里三俊街233號(1樓),25,金屬製品製造業,89/04/14,202602,,200000,其他金屬製品,獨資,1
54302158,群加國際股份有限公司,新北市三峽區溪東里溪東路228號1樓及3樓,28,電力設備及配備製造業,102/10/09,202602,02-86763939,43478260,其他電力設備及配備,股份有限公司,1
27337766,誠品貿易股份有限公司,臺北市北投區一德里立德路一二一巷九號五樓,12,成衣及服飾品製造業,93/07/06,202602,02-28169388,60000000,成衣,股份有限公司,1
13014082,頌恩科技股份有限公司,新北市中和區平河里中正路700號5樓之4,26,電子零組件製造業,91/01/22,202602,02-32345359,29000000,其他電子零組件,股份有限公司,1
34159274,精基實業有限公司,新北市中和區碧河里連城路222巷4弄6號3樓,33,其他製造業,66/06/30,202602,02-22460168,5000000,育樂用品,有限公司,1
84279416,寬譜醫學科技股份有限公司(新店廠),新北市新店區復興里民權路130巷16號(1樓),33,其他製造業,82/06/04,202602,02-82192005,20000000,醫療器材及用品,股份有限公司,1
00218236,廣欣自動化有限公司,新北市土城區員仁里新洲路92號5樓,29,機械設備製造業,113/08/23,202602,,28000000,金屬加工用機械設備、其他專用機械設備、通用機械設備,有限公司,1
20992859,德記香料化學有限公司二廠,新北市深坑區萬順里北深路3段137號(3樓),08,食品製造業,72/09/14,202602,02-27351656,10000000,其他食品,有限公司,1
36165650,璨郁實業有限公司興德廠,新北市三重區中興里興德路119號8樓、121號8樓、123號8樓,25,金屬製品製造業,72/09/19,202602,02-85123769,100000000,其他金屬製品,有限公司,1
95473598,駿百精密工業有限公司,新北市樹林區三龍里三龍街94巷8號(1樓),22,塑膠製品製造業,113/06/03,202602,,2000000,塑膠製品、其他金屬製品,有限公司,1
95459147,鴻昇玻璃有限公司,新北市樹林區坡內里備內街54號,25,金屬製品製造業,113/07/26,202602,,3100000,其他金屬製品,有限公司,1
70557655,藥華醫藥股份有限公司台北廠,臺北市南港區中南里忠孝東路七段五０八號十樓之一、十三樓之一,20,藥品及醫用化學製品製造業,89/05/09,202602,02-2655-7688,8000000000,藥品及醫用化學製品,股份有限公司,1
90167938,力笙企業有限公司,新北市八里區頂罟里仁愛路176號,22,塑膠製品製造業,111/04/22,202601,02-26185100,5000000,塑膠製品、金屬刀具、手工具及模具,有限公司,1
86844818,力暹實業股份有限公司,新北市新店區寶福里寶高路13號2樓,29,機械設備製造業,81/07/27,202601,,12000000,通用機械設備、其他金屬製品、通訊傳播設備、發電,股份有限公司,1
33653059,千維企業股份有限公司龍俊園區一廠,新北市樹林區三龍里三俊街65巷27之2號(1樓)、27之2號8樓,25,金屬製品製造業,61/11/04,202601,02-26822421,24000000,其他金屬製品、其他電子零組件,股份有限公司,2
42712059,山鋼企業有限公司,新北市新莊區營盤里中正路558之14號,25,金屬製品製造業,105/03/01,202601,,3000000,金屬刀具、手工具及模具、金屬加工處理、其他金屬製品,有限公司,1
91697549,允新企業社,新北市汐止區環河里南陽街240巷5號3樓,22,塑膠製品製造業,111/10/25,202601,,240000,塑膠製品,獨資,1
80040671,王田鐵材有限公司,新北市五股區民義里中興路1段1巷12弄42號之1,25,金屬製品製造業,92/04/01,202601,,6000000,金屬加工處理,有限公司,1
55647593,世芯企業有限公司,新北市汐止區北山里康寧街169巷8之8號5樓,27,電腦,106/10/16,202601,02-27941403,10000000,視聽電子產品,有限公司,1
86098328,世筌企業股份有限公司,新北市中和區連和里中山路2段327巷5號4樓,29,機械設備製造業,80/04/01,202601,02-22496777,10000000,通用機械設備,股份有限公司,1
93381068,卡東科技有限公司,新北市汐止區樟樹里大同路1段308之2號,16,印刷及資料儲存媒體複製業,112/04/28,202601,,5000000,印刷及資料儲存媒體複製,有限公司,1
69697138,台住友銅管材料有限公司,新北市土城區廷寮里永豐路195號2樓,28,電力設備及配備製造業,106/08/16,202601,,10000000,家用電器,有限公司,1
67313305,台雞食品有限公司土城廠,新北市土城區員仁里亞洲路22號,08,食品製造業,106/10/23,202601,,20000000,其他食品、肉類加工,有限公司,1
83603560,台灣碳材有限公司汐止廠,新北市汐止區樟樹里大同路1段237號8樓之7,23,非金屬礦物製品製造業,109/04/06,202601,09-21620466,15000000,其他非金屬礦物製品、其他電子零組件,有限公司,1
89522474,台灣輕工室內裝修股份有限公司,新北市汐止區樟樹里同興路55號,32,家具製造業,84/05/20,202601,02-25770505,38000000,家具、育樂用品,股份有限公司,1
42753353,永錚實業有限公司,新北市汐止區保安里大同路3段188號9樓,26,電子零組件製造業,104/12/03,202601,02-24522123,4000000,其他電子零組件,有限公司,1
82787908,禾宏塑膠工業有限公司,新北市樹林區圳生里俊興街242號(1樓),22,塑膠製品製造業,107/12/06,202601,,1000000,塑膠製品、金屬刀具、手工具及模具,有限公司,1
84620454,立信資訊用品有限公司二廠,新北市樹林區南園里佳園路3段101巷62弄50號之1,16,印刷及資料儲存媒體複製業,82/11/25,202601,02-298-8333,15000000,印刷及資料儲存媒體複製,有限公司,1
94043002,立隆印刷股份有限公司中和廠,新北市中和區中原里中山路2段340巷26號(1樓),16,印刷及資料儲存媒體複製業,112/05/09,202601,,1200000,印刷及資料儲存媒體複製,股份有限公司,1
16371386,仲翔電子股份有限公司,新北市汐止區復興里新台五路1段77號11樓之4,27,電腦,87/01/22,202601,02-7730-5622,10000000,視聽電子產品,股份有限公司,1
24714864,全印象數位影像有限公司,新北市中和區中原里橋和路120號4樓之5,16,印刷及資料儲存媒體複製業,103/12/17,202601,,1000000,印刷及資料儲存媒體複製,有限公司,1
13002375,印象模型有限公司,新北市樹林區金寮里武林街10之2號(4樓),22,塑膠製品製造業,91/01/02,202601,02-2682-2822,26000000,塑膠製品、其他金屬製品、汽車零件,有限公司,1
60500047,好事可可有限公司,新北市汐止區北山里康寧街169巷27之1號4樓之1,08,食品製造業,114/11/27,202601,0286661811#18,10000000,其他食品,有限公司,1
83415531,艾盈實業股份有限公司化成廠,新北市新莊區化成里化成路11巷31號1樓,29,機械設備製造業,109/12/23,202601,03-3621910#1229,30000000,通用機械設備,股份有限公司,2
54732973,快膜科技有限公司,新北市新莊區思源里思源路87巷8弄8號(1樓),19,其他化學製品製造業,103/07/11,202601,02-29941413,2000000,清潔用品及化粧品,有限公司,1
80103345,沂榮精密工業有限公司,新北市新莊區化成里化成路83巷76號(1樓),22,塑膠製品製造業,91/12/18,202601,,20000000,塑膠製品、金屬刀具、手工具及模具,有限公司,1
27468746,佳鑫紙器有限公司,新北市五股區五龍里民義路2段6號,15,紙漿,93/10/15,202601,,2000000,瓦楞紙板及紙容器,有限公司,1
16724706,協聖木業股份有限公司,新北市三峽區二鬮里二鬮路57-1、106、108號,14,木竹製品製造業,88/01/04,202601,02-2673-2277,29000000,木竹製品,股份有限公司,1
25003074,呷尚寶興業股份有限公司,新北市土城區沛陂里福安街118之1號,22,塑膠製品製造業,98/07/29,202601,,213000000,塑膠製品,股份有限公司,1
24736945,和剛興業有限公司,新北市樹林區三多里三俊街48巷17號(1樓),25,金屬製品製造業,104/04/02,202601,02-29085569,3000000,其他金屬製品、通用機械設備,有限公司,1
54045320,固特新企業股份有限公司,新北市樹林區東山里東豐街87巷12號,29,機械設備製造業,102/03/13,202601,02-22071060,10000000,通用機械設備,股份有限公司,1
97579647,坤翰動力有限公司,新北市樹林區三多里中正路673號(1樓),25,金屬製品製造業,113/07/03,202601,,1000000,其他金屬製品,有限公司,1
27302485,奇正電機股份有限公司,新北市新莊區西盛里新樹路224號之1,28,電力設備及配備製造業,93/05/28,202601,02-29060881,11000000,發電、輸電及配電機械,股份有限公司,1
80042214,府城事業有限公司三俊廠,新北市樹林區三龍里三俊街65巷27之3號(1樓)；27之5號(1樓)；27之6號(1至4樓) ；27之7號(1至4樓),08,食品製造業,92/04/03,202601,02-26890575,100000000,肉類加工、其他食品,有限公司,1
94180602,延宸企業股份有限公司,新北市土城區員仁里新洲路100號、100號2樓,25,金屬製品製造業,112/09/25,202601,02-22695277,10000000,金屬刀具、手工具及模具、金屬加工處理、其他金屬製品,股份有限公司,1
54271612,旺朗福國際行銷有限公司,新北市土城區沛陂里自由街15號7樓,24,基本金屬製造業,102/05/22,202601,02-89137878,29500000,其他基本金屬,有限公司,1
13071105,昇龍石材石雕有限公司,新北市蘆洲區得仁里中山二路285號3樓(三層、四層),23,非金屬礦物製品製造業,91/04/18,202601,02-2618-5268,6000000,石材製品,有限公司,1
60425863,東津食品有限公司,新北市中和區瑞穗里民享街4號E棟4樓,08,食品製造業,114/10/29,202601,,100000,其他食品,有限公司,1
60782685,金孟室內裝修設計股份有限公司,新北市土城區大安里承天路8巷1號(1樓),32,家具製造業,114/05/13,202601,,6000000,家具,股份有限公司,1
60569571,信創股份有限公司,新北市新莊區福興里五工路97巷2號(2樓),33,其他製造業,114/09/01,202601,,6000000,醫療器材及用品,股份有限公司,1
07298239,信華照相製版有限公司,新北市新莊區福基里化成路431巷21號(1樓),16,印刷及資料儲存媒體複製業,58/04/17,202601,02-85211888,1000000,印刷及資料儲存媒體複製,有限公司,1
60500519,品寶科技股份有限公司,新北市汐止區北山里康寧街169巷8號2樓,28,電力設備及配備製造業,114/12/01,202601,,5000000,電線及配線器材,股份有限公司,1
24422867,奕特有限公司,新北市樹林區東園里柑園街1段65巷47號之1,14,木竹製品製造業,98/06/12,202601,,500000,木竹製品,有限公司,1
82864947,帝駒科技股份有限公司,新北市樹林區三龍里三俊街65巷31號3樓,27,電腦,108/05/21,202601,02-26895365,5000000,電腦及其週邊設備、通訊傳播設備,股份有限公司,1
27366939,建捷科技股份有限公司,新北市深坑區萬福里北深路3段270巷12號5樓之2,26,電子零組件製造業,93/09/29,202601,02-26649168,98000000,其他電子零組件、通訊傳播設備,股份有限公司,1
50998423,拾口設計股份有限公司,新北市新莊區思源里中正路46巷11號,16,印刷及資料儲存媒體複製業,108/04/03,202601,02-22281316,8500000,印刷及資料儲存媒體複製,股份有限公司,1
90568912,政興工業有限公司,新北市樹林區北園里西圳街1段116巷10之1號2樓,25,金屬製品製造業,110/12/23,202601,,5000000,其他金屬製品,有限公司,1
90299776,昶福嘉泡棉有限公司,新北市中和區員山里員山路466巷21弄31號(1樓),22,塑膠製品製造業,111/07/11,202601,,1000000,塑膠製品,有限公司,1
90262145,研誠科技股份有限公司,新北市汐止區忠孝里大同路1段499號4樓之1,27,電腦,111/03/10,202601,02-26415339,10000000,量測、導航、控制設備及鐘錶,股份有限公司,1
54835513,茂烽實業有限公司,新北市樹林區獇寮里俊興街211巷7弄39號(1樓),25,金屬製品製造業,104/04/23,202601,02-89700868,1000000,其他金屬製品,有限公司,1
80722535,茂聖股份有限公司,新北市中和區平河里中正路716號5樓及5樓之9,08,食品製造業,93/03/09,202601,02-82271536,10000000,肉類加工,股份有限公司,1
53191936,海力士國際股份有限公司新北廠,新北市中和區連和里中山路2段327巷11弄7號3樓,08,食品製造業,99/11/15,202601,,10000000,其他食品、肉類加工,股份有限公司,1
66616885,高彩度數位影像有限公司,新北市汐止區中興里福德一路430巷16號1樓,16,印刷及資料儲存媒體複製業,106/06/19,202601,,500000,印刷及資料儲存媒體複製,有限公司,1
22857680,偉電科技股份有限公司新店一廠,新北市新店區寶福里寶橋路235巷1弄2號8樓,26,電子零組件製造業,77/03/23,202601,02-29174288,400000000,其他電子零組件、電腦及其週邊設備、通訊傳播設備、視聽電子產品,股份有限公司,2
70726202,唯霖科技工業有限公司五股廠,新北市五股區興珍里中興路1段128巷17號,25,金屬製品製造業,89/03/21,202601,02-85123679,5000000,其他金屬製品、金屬刀具、手工具及模具、金屬結構及建築組件,有限公司,1
60388522,國展實業有限公司,新北市中和區碧河里連城路222巷9號1樓,15,紙漿,114/12/23,202601,,1000000,瓦楞紙板及紙容器、其他紙製品,有限公司,1
54215751,堃丞工程有限公司,新北市土城區大安里慶祥街72號(1樓),25,金屬製品製造業,102/10/23,202601,,5000000,其他金屬製品、通用機械設備,有限公司,1
24301316,康得科技有限公司一廠,臺北市內湖區湖元里新湖二路一０九號五樓,27,電腦,97/10/17,202601,02-87913581,100000000,通訊傳播設備、未分類其他運輸工具及其零件,有限公司,1
16641282,康盛機電有限公司新莊廠,新北市新莊區思源里思源路111號2樓,25,金屬製品製造業,87/08/26,202601,02-29905488,12400000,金屬結構及建築組件、通用機械設備,有限公司,1
22348687,啟訊企業有限公司二廠,新北市蘆洲區中華里正和街41號2樓,26,電子零組件製造業,75/12/31,202601,02-22882303,20000000,其他電子零組件,有限公司,2
54908938,晨詠科技股份有限公司,新北市板橋區廣福里干城路160號5樓,29,機械設備製造業,104/08/17,202601,04-24263122,10000000,金屬加工用機械設備、其他專用機械設備,股份有限公司,1
60468314,淳揮實業有限公司,新北市汐止區中興里福德一路342巷1弄28號(1樓),22,塑膠製品製造業,114/11/25,202601,02-26943301,1000000,塑膠製品,有限公司,1
89458162,勝芳紙業有限公司,新北市八里區下罟里下罟子58號之13、58號之26,15,紙漿,84/05/08,202601,02-26184133,95000000,其他紙製品,有限公司,1
80245843,富伯森精密機械科技股份有限公司中和廠,新北市中和區瑞穗里民享街4號(C棟1樓),25,金屬製品製造業,91/09/04,202601,02-22783131,100000000,其他金屬製品、其他電子零組件、電腦及其週邊設備、通訊傳播設備,股份有限公司,1
47015497,朝安金屬有限公司,新北市土城區埤塘里千歲路20號7樓,25,金屬製品製造業,105/06/06,202601,,2500000,金屬結構及建築組件,有限公司,1
90800910,程浩有限公司,新北市三重區頂崁里光復路2段126巷39號(1樓),25,金屬製品製造業,110/04/22,202601,0961021223,1000000,金屬刀具、手工具及模具、金屬加工處理、其他金屬製品,有限公司,1
69277059,翔安工業有限公司樹林廠,新北市樹林區東山里東豐街87巷8號,25,金屬製品製造業,107/01/26,202601,,200000,金屬刀具、手工具及模具、金屬加工用機械設備,有限公司,1
89244367,舒可企業有限公司,新北市樹林區三多里三俊街126巷9號(1樓),25,金屬製品製造業,83/08/18,202601,,6000000,金屬結構及建築組件、通用機械設備,有限公司,1
05077301,超群三溫暖工程有限公司福前廠,新北市新莊區福基里化成路389巷14號(1樓),25,金屬製品製造業,69/08/27,202601,02-89913897,23000000,金屬加工處理、其他金屬製品、通用機械設備,有限公司,1
80297911,雅培米堤食品有限公司新北廠,新北市五股區興珍里五工路132號,08,食品製造業,91/11/20,202601,,10000000,其他食品,有限公司,1
22488547,微閣工業股份有限公司二廠,新北市土城區員仁里城林路6巷38-6號,29,機械設備製造業,76/04/29,202601,02-89668805,28800000,其他專用機械設備,股份有限公司,1
20970807,新巨企業股份有限公司,新北市五股區興珍里五權路48號1樓(A廠區),22,塑膠製品製造業,72/04/25,202601,02-29188512,2000000000,塑膠製品、金屬刀具、手工具及模具、其他金屬製品,股份有限公司,1
16425502,新能量科技股份有限公司建一廠,新北市中和區平河里建一路166號15樓之1,29,機械設備製造業,87/04/13,202601,02-82263300,300000000,通用機械設備,股份有限公司,1
28936655,源記紙業有限公司,新北市三峽區嘉添里嘉添109號之7,15,紙漿,97/03/04,202601,,10000000,其他紙製品,有限公司,1
42737988,萬松食品股份有限公司,新北市中和區中原里立德街34號,08,食品製造業,107/07/20,202601,,1000000,肉類加工、水產加工、其他食品,股份有限公司,1
36284207,聖龍金屬科技有限公司,新北市三重區頂崁里神農街526號(1至4樓),25,金屬製品製造業,73/07/11,202601,02-22933138,16000000,金屬刀具、手工具及模具、其他金屬製品,有限公司,1
53604578,達駿精密有限公司,新北市樹林區圳生里三俊街219號1樓,25,金屬製品製造業,100/09/16,202601,,500000,金屬刀具、手工具及模具、金屬加工處理,有限公司,1
60499822,鈴宏有限公司樹林廠,新北市樹林區金寮里武林街2之1號(2樓),27,電腦,114/11/26,202601,0986298618,200000,視聽電子產品,有限公司,1
28745804,鼎家鎮股份有限公司,新北市新莊區頭前里化成路195巷2號之5二樓,28,電力設備及配備製造業,96/06/29,202601,02-29944427,5000000,電線及配線器材,股份有限公司,1
53306487,榮煌室內裝修有限公司,新北市瑞芳區傑魚里頂坪路瑞芳工業區13之1號(1樓),14,木竹製品製造業,100/02/21,202601,02-86461203,5000000,木竹製品、家具,有限公司,1
90111554,精敏生醫股份有限公司,新北市土城區大安里中央路3段87號10樓,27,電腦,111/12/26,202601,03-3072000,,輻射及電子醫學設備,股份有限公司,1
60057121,銘洋科技企業社,新北市樹林區彭厝里東豐街49巷16號(1樓),16,印刷及資料儲存媒體複製業,114/07/16,202601,0958290889,245200,印刷及資料儲存媒體複製、塑膠製品,合夥,1
15551353,慶明印刷品行,新北市板橋區港嘴里三民路1段1巷51弄1號,16,印刷及資料儲存媒體複製業,91/09/27,202601,,200000,印刷及資料儲存媒體複製,獨資,1
24274916,熱點影像科技有限公司,新北市三重區中興里重新路5段609巷6號9樓之8,28,電力設備及配備製造業,97/12/04,202601,0935-210875,10000000,其他電力設備及配備,有限公司,1
80516303,衛利生物科技股份有限公司,新北市新店區復興里民權路108之1號7樓,27,電腦,92/09/05,202601,02-22198878,1000000000,輻射及電子醫學設備,股份有限公司,1
80704868,震漢能源股份有限公司,新北市林口區東林里工二區工四路40之1號(1樓),25,金屬製品製造業,93/02/18,202601,,15000000,金屬加工處理、通用機械設備,股份有限公司,1
00024864,興懿有限公司,新北市樹林區三多里三龍街128號,08,食品製造業,113/10/22,202601,,1000000,蔬果加工、其他食品,有限公司,1
50803095,鋼立豐股份有限公司,新北市汐止區復興里新台五路1段93號22樓之9,26,電子零組件製造業,107/06/05,202601,,7000000,其他電子零組件,股份有限公司,1
54712884,優是數位文創有限公司,新北市土城區裕生里中華路1段50號(1樓),16,印刷及資料儲存媒體複製業,103/04/16,202601,02-22653233,8800000,印刷及資料儲存媒體複製,有限公司,1
97256908,鴻展機械有限公司新莊廠,新北市新莊區瓊林里瓊林南路103巷8弄20號1樓,25,金屬製品製造業,85/11/06,202601,,1000000,金屬刀具、手工具及模具、金屬加工用機械設備、其他專用機械設備,有限公司,1
90742139,藍天科技印刷有限公司,新北市中和區中原里板南路498號4樓之6,16,印刷及資料儲存媒體複製業,110/05/10,202601,,3000000,印刷及資料儲存媒體複製,有限公司,1
00211022,豐玥國際有限公司,新北市樹林區三多里三俊街16號(1樓),08,食品製造業,113/09/25,202601,,1000000,肉類加工,有限公司,1
30372323,羅漢果文創廣告設計工程樹林廠,新北市樹林區彭厝里東豐街49巷8弄22號(1樓),22,塑膠製品製造業,98/04/10,202601,02-82093666,5000000,塑膠製品、其他金屬製品、照明設備及配備,獨資,1
12645131,麗臺生醫股份有限公司,新北市中和區連和里中山路2段327巷11弄4號2樓,27,電腦,89/10/31,202601,02-82268115,500000000,量測、導航、控制設備及鐘錶、輻射及電子醫學設備,股份有限公司,1
97412491,一友實業有限公司新北廠,新北市樹林區三龍里三龍街37號(1樓),25,金屬製品製造業,86/03/31,202512,,6000000,其他金屬製品,有限公司,1
82939497,九潤精密科技股份有限公司三峽二廠,新北市三峽區介壽里介壽路1段318巷11號(1樓),25,金屬製品製造業,108/07/17,202512,02-86741228,100000000,金屬刀具、手工具及模具、其他金屬製品,股份有限公司,1
29130988,八方資通科技有限公司,新北市板橋區廣福里廣權路11號9樓,27,電腦,99/01/06,202512,02-25570095,7000000,電腦及其週邊設備、通訊傳播設備,有限公司,1
29159345,久暖國際寢具有限公司中和廠,新北市中和區平河里中正路782號5樓,11,紡織業,99/05/28,202512,02-22970936,8000000,紡織品,有限公司,1
24695769,千翔仁有限公司,新北市樹林區東山里東豐街87巷8號1樓,25,金屬製品製造業,103/09/18,202512,,12000000,金屬刀具、手工具及模具、金屬加工用機械設備,有限公司,1
45906212,士弘開發有限公司二廠,新北市土城區員仁里中央路2段390巷9號(1樓),25,金屬製品製造業,105/04/11,202512,,10000000,金屬刀具、手工具及模具,有限公司,1
86348944,五峯木業有限公司,新北市土城區永寧里永和街42巷4號,14,木竹製品製造業,80/09/27,202512,02-22672184,5000000,木竹製品,有限公司,1
28855631,升敏科技有限公司,新北市泰山區貴和里明志路3段478號14樓之2,29,機械設備製造業,97/03/28,202512,,12800000,通用機械設備,有限公司,1
90448570,天騰興業有限公司,新北市樹林區東山里東順街82之4號7樓,15,紙漿,110/11/12,202512,02-22228387,1000000,瓦楞紙板及紙容器,有限公司,1
00212922,心翔科技有限公司(二廠),新北市土城區永寧里中央路3段184巷1之1號,26,電子零組件製造業,113/12/26,202512,02-22680629,3000000,其他電子零組件,有限公司,1
16739200,月欣科技有限公司,新北市板橋區廣福里信義路163巷11號3樓,27,電腦,88/01/28,202512,,10000000,量測、導航、控制設備及鐘錶,有限公司,1
89117670,永源工業有限公司,新北市樹林區三龍里三龍街94巷29號,25,金屬製品製造業,112/02/14,202512,,1000000,金屬結構及建築組件,有限公司,1
66620298,兆昇環保有限公司,新北市樹林區金寮里保安街2段2之8號13樓,25,金屬製品製造業,106/06/22,202512,,7500000,其他金屬製品,有限公司,1
29130875,光維企業有限公司,新北市三峽區添福里添福9之12號1樓,25,金屬製品製造業,99/01/05,202512,02-26711730,7200000,金屬結構及建築組件,有限公司,1
27606229,光鑫精密機械有限公司樹林廠,新北市樹林區金寮里樹潭街10之17號,25,金屬製品製造業,94/01/25,202512,02-86863600,10000000,金屬刀具、手工具及模具、其他金屬製品、通用機械設備,有限公司,1
54699931,吉家廚具有限公司,新北市新莊區福營里福營路377號,32,家具製造業,103/02/24,202512,,1000000,家具,有限公司,1
16249127,宇順鐵材有限公司,新北市土城區貨饒里中央路1段1巷1-1號,25,金屬製品製造業,86/10/21,202512,,4000000,金屬加工處理,有限公司,1
28717666,廷翊工程有限公司二廠,新北市樹林區三龍里三俊街81巷48號(1樓),25,金屬製品製造業,96/10/17,202512,,3000000,金屬結構及建築組件、金屬加工處理,有限公司,1
27800602,彤晟科技股份有限公司中和廠,新北市中和區中原里立德街199號3樓,27,電腦,94/05/27,202512,02-82273585,120000000,電腦及其週邊設備、通訊傳播設備,股份有限公司,1
31285234,協雄企業有限公司,臺北市士林區永倫里延平北路六段四二五巷三號,25,金屬製品製造業,66/06/14,202512,,1000000,金屬結構及建築組件,有限公司,1
89995923,東元國際工程有限公司,新北市樹林區彭厝里東豐街49巷29號1樓,25,金屬製品製造業,83/12/21,202512,02-29699990,5000000,金屬結構及建築組件、發電、輸電及配電機械,有限公司,1
35198801,金合記蜜餞廠,新北市樹林區圳生里三龍街186號(1樓),08,食品製造業,72/04/12,202512,,15000,蔬果加工、其他食品,獨資,1
86978689,金嘉品精密工業有限公司,新北市三重區頂崁里中興北街204巷9號(1樓),25,金屬製品製造業,81/11/02,202512,02-85114886,3000000,其他金屬製品,有限公司,1
94030533,金鑫富實業有限公司,新北市八里區頂罟里仁愛路122號,23,非金屬礦物製品製造業,112/08/08,202512,,6000000,玻璃及其製品、金屬結構及建築組件,有限公司,1
54505560,長虹食品廠有限公司新北廠,新北市新莊區頭前里化成路540號之1、6樓之1,08,食品製造業,102/07/11,202512,02-29997827,1000000,其他食品,有限公司,1
98683181,南翔企業社,新北市土城區廷寮里永豐路306號,16,印刷及資料儲存媒體複製業,92/05/27,202512,,450000,印刷及資料儲存媒體複製、其他金屬製品,合夥,1
42857977,奕采有限公司,新北市蘆洲區中路里和平路114巷2號6樓,12,成衣及服飾品製造業,105/03/08,202512,,7000000,成衣、服飾品,有限公司,1
60418862,泉泓包裝有限公司,新北市淡水區興仁里頂田竂路162號,22,塑膠製品製造業,114/10/07,202512,02-26228928,6000000,塑膠製品,有限公司,1
66401842,科比易隔間材料有限公司樹林廠,新北市樹林區東山里中山路2段151巷12之3號4樓,25,金屬製品製造業,104/04/17,202512,02-82215111,10000000,金屬結構及建築組件,有限公司,1
83511062,英仕達精密有限公司,新北市樹林區東山里東興街16巷7號,22,塑膠製品製造業,109/02/24,202512,02-8686-9663,5000000,塑膠製品,有限公司,1
83628176,原海工程有限公司,新北市新店區寶福里寶宏路9號(1樓),25,金屬製品製造業,109/05/20,202512,,2000000,金屬結構及建築組件,有限公司,1
54318855,展現電子有限公司土城廠,新北市土城區頂埔里中央路4段2號11樓之5,26,電子零組件製造業,102/12/26,202512,,5000000,其他電子零組件,有限公司,1
35958534,振凱機械工業股份有限公司鍛二廠,新北市樹林區東園里柑園街1段253巷38-1號,25,金屬製品製造業,61/11/24,202512,02-2022691-2,100000000,其他金屬製品,股份有限公司,1
60500139,振發興業有限公司,新北市樹林區東山里東興路24巷17號(1樓),25,金屬製品製造業,114/11/27,202512,,200000,金屬刀具、手工具及模具,有限公司,1
29102934,晁揚科技股份有限公司(八里廠),新北市八里區荖阡里荖阡坑路3號之5、3號之6,25,金屬製品製造業,97/05/29,202512,02-26188480,5000000,其他金屬製品,股份有限公司,1
23469168,泰陽電工股份有限公司二廠,新北市土城區日和里中央路1段365巷13號,28,電力設備及配備製造業,78/08/07,202512,02-22616437,135000000,家用電器,股份有限公司,1
60601740,海霹靂國際有限公司,新北市新莊區化成里化成路63巷59號(1樓),22,塑膠製品製造業,114/09/05,202512,,5000000,塑膠製品,有限公司,1
60674757,神鼎精密股份有限公司五股廠,新北市五股區興珍里五權五路24號,25,金屬製品製造業,114/03/17,202512,02-22060678,9500000,其他金屬製品、電腦及其週邊設備、通用機械設備、汽車零件,股份有限公司,1
97397013,紘緯科技股份有限公司中和廠,新北市中和區員山里中山路3段110號10樓之6,27,電腦,86/03/12,202512,02-2219-0080,15000000,量測、導航、控制設備及鐘錶,股份有限公司,1
86403896,陞東有限公司,新北市樹林區三多里俊興街211巷16號,25,金屬製品製造業,80/11/22,202512,,1000000,金屬刀具、手工具及模具、通用機械設備,有限公司,1
80205618,唯謙國際有限公司,新北市新莊區福基里福前街460號6樓之5,26,電子零組件製造業,92/06/23,202512,02-26591692,100000000,半導體,有限公司,1
34418188,常用機械有限公司二廠,新北市板橋區崑崙里大觀路三段80號,29,機械設備製造業,69/07/11,202512,02-26817515,10000000,其他專用機械設備,有限公司,1
22795587,捷智科技股份有限公司,新北市三重區谷王里五谷王北街58巷49號(1樓),27,電腦,77/03/18,202512,02-85123066,400000000,量測、導航、控制設備及鐘錶,股份有限公司,1
93490137,勗富實業有限公司土城廠,新北市土城區大安里中央路3段126巷34號4樓,25,金屬製品製造業,112/12/14,202512,,500000,其他金屬製品、金屬刀具、手工具及模具、金屬加工處理,有限公司,1
86735608,盛豐行股份有限公司,新北市汐止區江北里汐萬路1段177巷1號(1、3樓),14,木竹製品製造業,81/07/10,202512,02-26907711,280000000,木竹製品,股份有限公司,1
36204801,連春工業股份有限公司一廠,新北市泰山區貴和里貴鳳街24巷6號(1樓),24,基本金屬製造業,72/11/24,202512,02-29071313,20000000,鋼鐵、鋁、金屬刀具、手工具及模具,股份有限公司,1
60567905,博仕磁浮生物科技有限公司,新北市新莊區西盛里新樹路315巷27號,22,塑膠製品製造業,114/08/18,202512,,1680000,塑膠製品,有限公司,1
80016004,壹葉企業有限公司,新北市樹林區東山里東順街72號(1樓),19,其他化學製品製造業,92/03/21,202512,,2500000,塗料、染料及顏料,有限公司,1
70670235,富致科技股份有限公司,新北市五股區興珍里五工一路111號,26,電子零組件製造業,88/12/02,202512,02-89902113,500000000,被動電子元件,股份有限公司,1
83074528,就是健康製造所股份有限公司,新北市新店區復興里民權路90巷34號(1樓),33,其他製造業,109/08/31,202512,02-22186321#206,8000000,醫療器材及用品,股份有限公司,1
01895202,惠明塑膠印刷廠二廠,新北市土城區大安里亞洲路11巷1弄26號,15,紙漿,76/02/10,202512,,1000000,其他紙製品,獨資,1
60657342,森甜食品有限公司,新北市新莊區頭前里化成路195巷2之5號,08,食品製造業,114/08/11,202512,,500000,其他食品,有限公司,1
16299673,竣為國際貿易有限公司一廠,臺北市內湖區湖元里新湖二路一０七號五樓,27,電腦,87/01/20,202512,02-27929980,1000000000,通訊傳播設備、未分類其他運輸工具及其零件,有限公司,1
80501940,筌壹企業股份有限公司新莊廠,新北市新莊區建安里建國二路85號之7(1樓),29,機械設備製造業,92/07/28,202512,,20000000,通用機械設備,股份有限公司,1
27360533,開偉科技股份有限公司福德廠,新北市汐止區中興里福德一路342巷3弄14號,27,電腦,93/09/10,202512,02-87911398,25880000,電腦及其週邊設備,股份有限公司,1
52752543,奧肯國際行銷股份有限公司,新北市樹林區三多里三俊街74巷24、26、28號(1樓),22,塑膠製品製造業,106/06/13,202512,02-23690358,5000000,塑膠製品,股份有限公司,1
16865872,源廣光電股份有限公司,新北市樹林區東山里東順街96巷1號(1樓),25,金屬製品製造業,88/03/05,202512,02-86842299,5000000,其他金屬製品、其他電子零組件、通訊傳播設備、照明設備及配備,股份有限公司,1
53220664,煌鑫科技有限公司樹林廠,新北市樹林區金寮里樹潭街10之17號,25,金屬製品製造業,100/04/06,202512,,5000000,金屬刀具、手工具及模具、其他金屬製品、通用機械設備,有限公司,1
53721610,群逸科技有限公司,新北市中和區碧河里中山路2段351號2樓、2樓之1,26,電子零組件製造業,101/08/07,202512,02-2228-8362,29000000,其他電子零組件、電腦及其週邊設備,有限公司,1
66511355,達美簾業有限公司,新北市三峽區礁溪里介壽路1段311巷14號(1樓),11,紡織業,106/03/13,202512,02-26740678,1000000,紡織品,有限公司,1
43738198,達特所爾有限公司,新北市三重區溪美里溪尾街27巷12之3號(1樓),13,皮革,105/04/21,202512,02-25815285,4000000,皮革、毛皮及其製品,有限公司,1
96791277,鼎沐國際股份有限公司,新北市鶯歌區鳳鳴里福安街62號1樓,32,家具製造業,113/08/01,202512,0932092099,28000000,家具,股份有限公司,1
27382516,嘉榮科技股份有限公司新莊廠,新北市新莊區富國里中正路831之12號(1樓),26,電子零組件製造業,93/06/23,202512,02-22029502,12000000,其他電子零組件,股份有限公司,1
89156672,睿洋綠能科技股份有限公司,新北市土城區沛陂里中山路1號2樓之6,29,機械設備製造業,111/08/24,202512,,,其他專用機械設備,股份有限公司,1
42598114,碩業科技股份有限公司新莊廠,新北市新莊區福基里化成路389巷56號,28,電力設備及配備製造業,104/09/11,202512,,55000000,其他電力設備及配備,股份有限公司,1
90365917,碩醫有限公司,新北市新莊區化成里化成路83巷62號(2樓),11,紡織業,111/07/19,202512,,200000,紡織品、成衣,有限公司,1
53422248,遠舜實業有限公司,新北市中和區連和里中山路2段327巷9號(1樓),15,紙漿,100/07/12,202512,02-82218890,5000000,瓦楞紙板及紙容器、印刷及資料儲存媒體複製,有限公司,1
36036946,銠添精密模具股份有限公司,新北市三峽區添福里添福15-10號,26,電子零組件製造業,68/11/27,202512,02-26723130,10000000,其他電子零組件,股份有限公司,1
16603978,齊虹實業有限公司康寧廠,新北市汐止區北山里康寧街151號2樓,12,成衣及服飾品製造業,87/07/06,202512,02-2793299,20000000,成衣,有限公司,1
82800629,廣源商貿有限公司,新北市新莊區西盛里新樹路234巷3弄1號(1樓),08,食品製造業,108/01/23,202512,02-25950091,10000000,肉類加工,有限公司,1
82844838,緯豆國際股份有限公司,新北市五股區興珍里五權二路21號(1、2、3樓),08,食品製造業,108/04/11,202512,02-27278327,200000000,其他食品,股份有限公司,2
31118721,誼濃實業股份有限公司,新北市樹林區圳安里中正路116-6號,25,金屬製品製造業,68/12/05,202512,02-26886595,5000000,金屬加工處理、其他金屬製品,股份有限公司,1
53464703,翰宸科技有限公司,新北市新莊區西盛里大安路32號(1樓),29,機械設備製造業,100/12/14,202512,02-29081301,5400000,金屬加工用機械設備、通用機械設備,有限公司,1
22328943,聯臺國際科技有限公司,新北市新店區復興里中正路四維巷2弄11號,25,金屬製品製造業,75/11/05,202512,02-2366011,5000000,其他金屬製品、其他專用機械設備、金屬結構及建築組件、通用機械設備,有限公司,1
90175959,聯鑫電子有限公司中和廠,新北市中和區碧河里建一路7號8樓,26,電子零組件製造業,111/04/27,202512,,3000000,其他電子零組件、電腦及其週邊設備,有限公司,1
60748435,薪展食品有限公司,新北市新莊區化成里化成路156巷3號,08,食品製造業,114/04/02,202512,,5000000,肉類加工、其他食品,有限公司,1
60604768,曜澤工業有限公司,新北市樹林區東山里東順街82之4號2樓,25,金屬製品製造業,114/06/13,202512,,3000000,其他金屬製品、未分類其他運輸工具及其零件,有限公司,1
90778781,麒燊精密有限公司三重廠,新北市三重區頂崁里中興北街60巷1號、3號(1樓),25,金屬製品製造業,110/04/15,202512,,3000000,其他金屬製品,有限公司,1
42718286,寶點國際有限公司樹林廠,新北市樹林區彭厝里東豐街49巷8弄22號(2樓),22,塑膠製品製造業,105/08/08,202512,02-26832222,3500000,塑膠製品、其他金屬製品、照明設備及配備,有限公司,1
42584097,鑫誠電機有限公司,新北市鶯歌區尖山里八德路2巷20弄1號(1樓),29,機械設備製造業,104/07/29,202512,,5000000,通用機械設備,有限公司,1
31463960,久勝塑膠企業社鶯歌廠,新北市鶯歌區永昌里鶯桃路91巷3號,22,塑膠製品製造業,102/01/30,202511,,249000,塑膠製品,獨資,1
67221404,千騰國際有限公司,新北市新莊區福基里化成路736巷20號(1樓),28,電力設備及配備製造業,106/10/16,202511,02-22776188,5000000,照明設備及配備,有限公司,1
16786890,大業開發工業股份有限公司,新北市三重區中興里光復路2段42巷36號,25,金屬製品製造業,88/02/11,202511,27643591,210000000,金屬刀具、手工具及模具、通用機械設備,股份有限公司,1
54865656,大漢家具有限公司,新北市新莊區西盛里新崑路187號,32,家具製造業,104/08/27,202511,04-23552131,29000000,家具,有限公司,1
87318383,王立企業社二廠,新北市樹林區東山里東順街90巷9號,25,金屬製品製造業,109/05/06,202511,,248000,其他金屬製品,獨資,1
90515922,台灣岡村食品貿易股份有限公司,新北市五股區興珍里五工二路124號(3樓),08,食品製造業,110/10/27,202511,02-2599-1033,200000000,水產加工,股份有限公司,1
54720940,正隆興精密有限公司三峽二廠,新北市三峽區介壽里介壽路1段318巷13號(1樓),25,金屬製品製造業,103/05/20,202511,02-86741228,10000000,金屬刀具、手工具及模具,有限公司,1
90506563,亦擇有限公司,新北市土城區日和里中央路1段365巷1弄11號(1樓),08,食品製造業,110/09/28,202511,,10000000,其他食品,有限公司,1
53450779,名立室內裝修設計股份有限公司,新北市中和區中原里立德街98巷81號,32,家具製造業,100/10/04,202511,,6000000,家具,股份有限公司,1
90452010,旭昇塑膠有限公司,新北市新莊區福基里化成路389巷31號(1樓),22,塑膠製品製造業,110/09/09,202511,0222286242,1000000,塑膠製品,有限公司,1
85164658,百立工程行,新北市樹林區北園里西圳街1段203巷70-2號,32,家具製造業,108/09/11,202511,,200000,家具,獨資,1
85130291,艾知科技股份有限公司,新北市汐止區文化里新台五路一段77號10樓之7(B室),31,其他運輸工具及其零件製造業,108/09/03,202511,0922868826,800000000,未分類其他運輸工具及其零件,股份有限公司,1
42711538,宏傑工業有限公司,新北市汐止區中興里福德三路367號2樓,30,汽車及其零件製造業,105/02/26,202511,02-23466368,29700000,汽車零件,有限公司,1
80279765,宏驜有限公司,新北市中和區員山里新民街27號7樓,27,電腦,91/09/25,202511,02-29102020,17000000,通訊傳播設備,有限公司,1
53941699,志祥有限公司,臺北市南港區西新里南港路三段五十巷二十號一樓,22,塑膠製品製造業,101/10/17,202511,02-27206058,500000,塑膠製品,有限公司,1
12775936,協仲精機股份有限公司樹林廠,新北市樹林區金寮里樹潭街11號(1樓),25,金屬製品製造業,90/04/02,202511,02-2250-3606,50000000,金屬刀具、手工具及模具、金屬加工用機械設備、通用機械設備,股份有限公司,1
28335272,協安精機有限公司樹林廠,新北市樹林區金寮里樹潭街11號(1樓),25,金屬製品製造業,95/06/13,202511,02-2250-3606,3500000,金屬刀具、手工具及模具、金屬加工用機械設備、通用機械設備,有限公司,1
53430789,明新包裝有限公司,新北市中和區中原里立德街148巷6號3樓,15,紙漿,100/08/17,202511,02-29583885,1000000,瓦楞紙板及紙容器、印刷及資料儲存媒體複製,有限公司,1
60762111,東洋洗濯事業股份有限公司,新北市鶯歌區尖山里八德路3之8號、3之9號、3之10號、3之11號,11,紡織業,114/05/19,202511,02-22984567#461,150000000,成衣、染整、服飾品,股份有限公司,1
53418666,冠信環境科技有限公司,新北市新莊區化成里化成路29巷62號,29,機械設備製造業,100/06/27,202511,,1000000,通用機械設備,有限公司,1
54875824,奎瑞特科技有限公司,新北市土城區大安里慶祥街82號(1樓),29,機械設備製造業,104/10/16,202511,,1000000,金屬加工用機械設備、其他專用機械設備、通用機械設備,有限公司,1
12454266,建豐油壓股份有限公司,新北市蘆洲區中華里中山二路176之3號4樓,29,機械設備製造業,72/08/16,202511,02-29830320,10000000,通用機械設備,股份有限公司,1
50872590,星宇國際實業有限公司,新北市新莊區西盛里環漢路3段532號左,32,家具製造業,107/09/14,202511,,10000000,家具,有限公司,1
27884742,昱碩國際事業股份有限公司,新北市汐止區中興里福德一路342巷1弄31號(1、2、3樓),08,食品製造業,94/09/05,202511,02-86933557,29000000,動物飼品,股份有限公司,1
60069148,苣泰實業社,新北市板橋區廣福里和平路6巷6號,12,成衣及服飾品製造業,114/09/01,202511,,200000,成衣,獨資,1
24441766,益靖有限公司,新北市三峽區介壽里介壽路1段318巷5號(1樓),25,金屬製品製造業,98/07/13,202511,02-82261717,20000000,金屬結構及建築組件,有限公司,1
90391648,翃光工程有限公司,新北市鶯歌區二橋里中正三路381號,28,電力設備及配備製造業,111/07/01,202511,,5000000,家用電器,有限公司,1
22164580,訊舟科技股份有限公司,新北市三重區頂崁里中興北街193之2號(4樓),25,金屬製品製造業,75/06/28,202511,02-77396888,3000000000,金屬結構及建築組件、通訊傳播設備、視聽電子產品,股份有限公司,1
80933588,高誠企業社,新北市樹林區三龍里中正路642巷12號(1樓),15,紙漿,92/03/20,202511,,200000,其他紙製品、瓦楞紙板及紙容器,獨資,1
25081562,高樹資材股份有限公司,新北市樹林區潭底里大安路145巷20號(1樓),22,塑膠製品製造業,98/12/03,202511,02-22938226,7200000,塑膠製品,股份有限公司,1
82958254,彩藝通行銷股份有限公司,新北市五股區興珍里五工一路122號(4樓),16,印刷及資料儲存媒體複製業,108/08/01,202511,02-22015665,3000000,印刷及資料儲存媒體複製,股份有限公司,1
60650220,眾達金屬有限公司,新北市板橋區廣福里和平路24巷2號,25,金屬製品製造業,114/07/28,202511,,2000000,金屬刀具、手工具及模具、金屬結構及建築組件、金屬加工處理,有限公司,1
29138567,視達電子股份有限公司,新北市樹林區北園里佳園路2段59之7號3樓,27,電腦,99/02/26,202511,02-26807789,23000000,電腦及其週邊設備,股份有限公司,1
50780327,野人舒食有限公司寶高廠,新北市新店區寶福里寶高路5號3樓,08,食品製造業,107/06/08,202511,0906816071,2800000,肉類加工,有限公司,1
60450969,富康精密工業有限公司,新北市樹林區圳安里俊英街172巷16號(1樓),25,金屬製品製造業,114/10/07,202511,,1000000,金屬刀具、手工具及模具,有限公司,1
83631849,崴爾盟有限公司土城廠,新北市土城區員仁里新洲路96號8樓,25,金屬製品製造業,109/05/19,202511,02-8672-6061,10000000,其他金屬製品、通用機械設備、金屬刀具、手工具及模具,有限公司,1
52409627,景笙有限公司,新北市土城區大安里承天路8巷4號,25,金屬製品製造業,105/11/04,202511,02-22362187,10000000,金屬刀具、手工具及模具、金屬結構及建築組件,有限公司,1
22681607,登盈儀器有限公司(一廠),新北市泰山區大科里大科一路7號,29,機械設備製造業,76/11/11,202511,02-85315301,5000000,其他專用機械設備,有限公司,1
50987100,詠駿精機有限公司,新北市樹林區金寮里樹潭街11號(1樓),25,金屬製品製造業,108/02/12,202511,,92000000,金屬刀具、手工具及模具、金屬加工用機械設備、通用機械設備,有限公司,1
22595167,順昱鋼鐵有限公司,新北市樹林區金寮里樹潭街9之1號,25,金屬製品製造業,76/09/09,202511,02-22114600,10000000,金屬刀具、手工具及模具、金屬結構及建築組件、金屬加工處理,有限公司,1
36357685,順勝水電工程有限公司,新北市樹林區圳生里三俊街119號(1樓),25,金屬製品製造業,74/05/14,202511,,2000000,其他金屬製品、發電、輸電及配電機械,有限公司,1
54329038,暖窩舒食有限公司南港廠,臺北市南港區玉成里南港路三段一三０巷三弄五號一樓,08,食品製造業,102/06/06,202511,02-27929612,2000000,其他食品,有限公司,1
16990393,楚田企業有限公司,新北市中和區員山里員山路466巷21弄33號,25,金屬製品製造業,88/08/25,202511,,9200000,其他金屬製品、其他電子零組件,有限公司,1
90422993,萬達瑞科技有限公司,新北市新莊區化成里化成路63巷13號(1樓),29,機械設備製造業,110/11/11,202511,02-29883316,3000000,通用機械設備,有限公司,1
67127702,詮曜真空注型有限公司,新北市新莊區西盛里新樹路268巷39弄8號(1樓),21,橡膠製品製造業,106/10/06,202511,,500000,橡膠製品、塑膠製品、未分類其他製品,有限公司,1
13140314,誠意實業有限公司,新北市汐止區北山里康寧街169巷8之11號3樓,26,電子零組件製造業,91/07/19,202511,02-27915064,27500000,其他電子零組件,有限公司,1
12801033,達勵工業股份有限公司第二廠,新北市樹林區坡內里備內街20巷1號(1樓),22,塑膠製品製造業,90/05/10,202511,02-2682-9009,100000000,塑膠製品,股份有限公司,1
93654264,鉅澄興業有限公司土城廠,新北市土城區廷寮里永豐路195巷2之11號6樓,29,機械設備製造業,113/02/07,202511,,5000000,通用機械設備,有限公司,1
96950339,嘉敏營造有限公司,新北市三峽區溪東里9鄰溪東路233巷1之1號、1之2號,25,金屬製品製造業,85/04/01,202511,02-29125622,70000000,金屬結構及建築組件,有限公司,1
53705695,漢瑞科技股份有限公司,新北市汐止區復興里新台五路1段75號9樓之6,29,機械設備製造業,101/05/21,202511,02-86981125,20000000,通用機械設備,股份有限公司,1
50968526,慶瑋精密有限公司二廠,新北市樹林區潭底里大安路125巷17號,25,金屬製品製造業,107/10/25,202511,,2000000,其他金屬製品、金屬刀具、手工具及模具,有限公司,1
54688322,樂法美食股份有限公司,新北市五股區興珍里五工六路15號(3樓),08,食品製造業,103/03/31,202511,02-8978-6798,20000000,其他食品,股份有限公司,1
36169348,賜明工業有限公司三重廠,新北市三重區大有里中正北路428巷7弄26號、26號2樓及26號3樓,25,金屬製品製造業,72/10/12,202511,,3000000,金屬刀具、手工具及模具、金屬結構及建築組件、其他金屬製品,有限公司,1
53101750,興元工程有限公司,新北市汐止區環河里環河街122巷8號,25,金屬製品製造業,99/10/19,202511,,7000000,其他金屬製品、通用機械設備,有限公司,1
89120149,諾安科技有限公司,新北市中和區中原里橋和路90號3樓之1,29,機械設備製造業,111/12/06,202511,02-82451558,1000000,通用機械設備,有限公司,1
82925938,聯聚通科技有限公司,新北市汐止區文化里新台五路1段108號5樓,26,電子零組件製造業,108/06/26,202511,,2000000,其他電子零組件、電腦及其週邊設備、通訊傳播設備,有限公司,1
42700096,邁凱恩科技有限公司,新北市淡水區義山里下圭柔山120之2號(2樓),31,其他運輸工具及其零件製造業,104/12/25,202511,02-2625-1677,5000000,機車及其零件,有限公司,1
53194722,駿興金屬有限公司,臺北市南港區中南里忠孝東路七段五六六號一樓,25,金屬製品製造業,99/11/26,202511,,6000000,其他金屬製品,有限公司,1
60548598,曜霖食品有限公司,新北市新莊區雙鳳里鳳山街15號,08,食品製造業,114/07/03,202511,,480000,肉類加工,有限公司,1
80486103,豐通工業有限公司,新北市蘆洲區得仁里國道路2段30巷31號,25,金屬製品製造業,92/09/18,202511,02-29717345,5000000,金屬加工處理、其他金屬製品,有限公司,1
80252793,寶瑞機械工業有限公司新莊廠,新北市新莊區頭前里化成路540號之1   3樓之1,25,金屬製品製造業,91/09/16,202511,82951772,5000000,其他金屬製品、通用機械設備,有限公司,1
