統編,首見年月
00019187,202610
00046972,202610
00063406,202610
00063541,202610
00107301,202610
00114041,202610
00116723,202610
00121042,202610
00124907,202610
00131225,202610
00131251,202610
00134617,202610
00171801,202610
00204319,202610
00206610,202610
00254817,202610
00355403,202610
00385504,202610
00659736,202610
00664338,202610
00667031,202610
00802769,202610
00834805,202610
03006817,202610
03058568,202610
03110522,202610
03151207,202610
03188020,202610
03245802,202610
03259811,202610
03303422,202610
03349412,202610
03374306,202610
03379415,202610
03404110,202610
03415209,202610
03430715,202610
03444703,202610
03523208,202610
03563209,202610
03634507,202610
04208994,202610
04211793,202610
04238126,202610
04240235,202610
04251056,202610
04293555,202610
04314931,202610
04318090,202610
04318351,202610
04320814,202610
04327387,202610
04339047,202610
04339399,202610
04346075,202610
04370861,202610
04375937,202610
04376345,202610
04380880,202610
04392112,202610
04395146,202610
04427689,202610
04428189,202610
04436575,202610
04439432,202610
04451673,202610
04476484,202610
04478997,202610
04488806,202610
04490535,202610
04527081,202610
04527765,202610
04533957,202610
04538030,202610
04559344,202610
04560503,202610
04560519,202610
04561545,202610
04562333,202610
04575392,202610
04580402,202610
04586428,202610
04600744,202610
04606655,202610
04608020,202610
04609007,202610
04617007,202610
04622775,202610
04623177,202610
04624289,202610
04626982,202610
04627053,202610
04629094,202610
04635238,202610
04635770,202610
04640393,202610
04642580,202610
04648705,202610
04649459,202610
04651145,202610
04654810,202610
04659097,202610
04659287,202610
04660382,202610
04660735,202610
04663634,202610
04664090,202610
04664113,202610
04664129,202610
04664140,202610
04664417,202610
04665210,202610
04667152,202610
04667532,202610
04669525,202610
04670059,202610
04670065,202610
04671867,202610
04673767,202610
04674554,202610
04675688,202610
04676315,202610
04686691,202610
04690055,202610
04690837,202610
04697233,202610
04697748,202610
04700835,202610
04705389,202610
04708843,202610
04711093,202610
04712327,202610
04714520,202610
04717723,202610
04719124,202610
04720023,202610
04722681,202610
04723339,202610
04724604,202610
04728025,202610
04729256,202610
04729636,202610
04742574,202610
04746945,202610
04747304,202610
04755079,202610
04764160,202610
04766060,202610
04766759,202610
04768264,202610
04768588,202610
04769313,202610
04781359,202610
04787467,202610
04787924,202610
04788347,202610
04788515,202610
04789839,202610
04790081,202610
04791814,202610
04792736,202610
04793067,202610
04794376,202610
04794397,202610
04797036,202610
04820178,202610
04823301,202610
04825785,202610
04834095,202610
04842551,202610
04853965,202610
04865478,202610
04871577,202610
04872457,202610
04876708,202610
04877404,202610
04882791,202610
04882954,202610
04884881,202610
04925497,202610
04942947,202610
04950360,202610
04957693,202610
04957997,202610
04970035,202610
04970627,202610
04972580,202610
04977298,202610
04977380,202610
04980940,202610
04982068,202610
04983144,202610
04995964,202610
04997230,202610
05001372,202610
05003738,202610
05007164,202610
05007170,202610
05026583,202610
05055720,202610
05059205,202610
05059211,202610
05059227,202610
05072925,202610
05137791,202610
05168484,202610
05197544,202610
05410587,202610
07006606,202610
07097303,202610
07114957,202610
07116414,202610
07307130,202610
07318137,202610
07352514,202610
07411008,202610
07491608,202610
07531616,202610
07563911,202610
07601788,202610
07608591,202610
07608712,202610
07608781,202610
07609260,202610
07609607,202610
07609705,202610
07611836,202610
07613905,202610
07618248,202610
07621356,202610
07626514,202610
07631024,202610
07631994,202610
07638531,202610
07638547,202610
07639692,202610
07640311,202610
07640327,202610
07641228,202610
07641557,202610
07645744,202610
07646125,202610
07675556,202610
07691612,202610
07710499,202610
07724424,202610
07724705,202610
11000180,202610
11011840,202610
11014749,202610
11042702,202610
11050505,202610
11054306,202610
11082576,202610
11092385,202610
11096431,202610
11138208,202610
11145600,202610
11159202,202610
11201807,202610
11213901,202610
11233168,202610
11285448,202610
11326829,202610
11347606,202610
11366005,202610
11430409,202610
11438107,202610
11438704,202610
11547739,202610
11548343,202610
11616708,202610
11646858,202610
11662759,202610
11727280,202610
11766163,202610
11769106,202610
11819817,202610
11897209,202610
11961790,202610
11979308,202610
12001601,202610
12106990,202610
12112705,202610
12113850,202610
12115787,202610
12119762,202610
12126573,202610
12128973,202610
12128988,202610
12130252,202610
12131597,202610
12133589,202610
12136755,202610
12136832,202610
12138022,202610
12138260,202610
12138873,202610
12140667,202610
12144164,202610
12145678,202610
12149739,202610
12152558,202610
12152972,202610
12155035,202610
12156273,202610
12160706,202610
12162649,202610
12162654,202610
12162964,202610
12162970,202610
12164301,202610
12165499,202610
12166737,202610
12173271,202610
12173765,202610
12173863,202610
12175428,202610
12177684,202610
12177967,202610
12179992,202610
12181527,202610
12181532,202610
12182758,202610
12187894,202610
12189062,202610
12189746,202610
12189909,202610
12190687,202610
12197112,202610
12202446,202610
12202620,202610
12203114,202610
12204633,202610
12206225,202610
12206787,202610
12208883,202610
12210972,202610
12214787,202610
12219729,202610
12221534,202610
12223821,202610
12225980,202610
12227869,202610
12229178,202610
12229732,202610
12229748,202610
12230999,202610
12233546,202610
12234221,202610
12234236,202610
12239909,202610
12240075,202610
12240151,202610
12240639,202610
12240687,202610
12241010,202610
12241335,202610
12242279,202610
12243586,202610
12243609,202610
12244213,202610
12245493,202610
12246325,202610
12248415,202610
12248718,202610
12250875,202610
12264337,202610
12266412,202610
12285656,202610
12307434,202610
12312555,202610
12353366,202610
12413765,202610
12414645,202610
12648897,202610
12675492,202610
12686619,202610
12689025,202610
12716584,202610
12729666,202610
12741789,202610
12769224,202610
12795187,202610
12797657,202610
12819596,202610
12822831,202610
12852124,202610
12869413,202610
12874400,202610
12926977,202610
12980872,202610
13085733,202610
13087818,202610
13115146,202610
13119993,202610
13120133,202610
13131363,202610
13142495,202610
13144780,202610
14002818,202610
14005049,202610
14009925,202610
14019803,202610
14026353,202610
14032313,202610
14062553,202610
14070771,202610
14076825,202610
15003119,202610
15006410,202610
15040705,202610
15054003,202610
15069815,202610
15095905,202610
15104828,202610
15118105,202610
15130706,202610
15137362,202610
15142647,202610
15176603,202610
15331128,202610
15387608,202610
15392010,202610
15483601,202610
15492502,202610
15807284,202610
15810458,202610
15810491,202610
15818178,202610
15820694,202610
15820792,202610
15821336,202610
15822855,202610
15822932,202610
15822948,202610
15824087,202610
15825038,202610
15827583,202610
15828529,202610
15830790,202610
15831186,202610
15831432,202610
15832241,202610
15832426,202610
15844099,202610
15844648,202610
15845533,202610
15846435,202610
15849094,202610
15849307,202610
15850789,202610
15852837,202610
15858451,202610
15859249,202610
15859655,202610
15859677,202610
15860626,202610
15861890,202610
15861913,202610
15863264,202610
15863877,202610
15865235,202610
15894225,202610
16022439,202610
16023296,202610
16031182,202610
16031325,202610
16050357,202610
16091337,202610
16091890,202610
16092407,202610
16094812,202610
16097233,202610
16138044,202610
16143200,202610
16153305,202610
16153473,202610
16157908,202610
16159743,202610
16161564,202610
16165695,202610
16179656,202610
16197916,202610
16225693,202610
16234399,202610
16262845,202610
16282878,202610
16287655,202610
16288269,202610
16294516,202610
16302918,202610
16308286,202610
16310706,202610
16313020,202610
16339725,202610
16344662,202610
16366519,202610
16368116,202610
16380435,202610
16381758,202610
16381779,202610
16389323,202610
16391192,202610
16394120,202610
16411752,202610
16416308,202610
16443635,202610
16447816,202610
16454421,202610
16460768,202610
16472624,202610
16481010,202610
16519923,202610
16525827,202610
16528161,202610
16532051,202610
16539012,202610
16542065,202610
16565469,202610
16565566,202610
16577752,202610
16578112,202610
16579647,202610
16580383,202610
16584607,202610
16586387,202610
16590586,202610
16597716,202610
16601155,202610
16601789,202610
16608256,202610
16609656,202610
16614031,202610
16614623,202610
16617136,202610
16621032,202610
16622010,202610
16622877,202610
16626607,202610
16628387,202610
16630519,202610
16640903,202610
16641662,202610
16645837,202610
16656117,202610
16666662,202610
16681798,202610
16718985,202610
16728787,202610
16731523,202610
16740311,202610
16750915,202610
16755600,202610
16756805,202610
16759063,202610
16760195,202610
16761146,202610
16764684,202610
16765754,202610
16766938,202610
16769750,202610
16773403,202610
16779271,202610
16781121,202610
16783021,202610
16787687,202610
16790727,202610
16797263,202610
16804216,202610
16806713,202610
16818274,202610
16844548,202610
16851961,202610
16857156,202610
16860883,202610
16865676,202610
16865888,202610
16874866,202610
16877483,202610
16888046,202610
16901104,202610
16905045,202610
16908401,202610
16909648,202610
16924423,202610
16930369,202610
16935890,202610
16939410,202610
16946806,202610
16953806,202610
16960068,202610
16967484,202610
16971425,202610
16972780,202610
16989070,202610
16989993,202610
18506706,202610
18507944,202610
18517703,202610
18522213,202610
18544700,202610
18552905,202610
18558909,202610
18614418,202610
18617301,202610
18672802,202610
18730205,202610
18732013,202610
18758408,202610
18789937,202610
18811924,202610
18813704,202610
18838607,202610
18884117,202610
18936500,202610
19099707,202610
19125000,202610
19136323,202610
20500910,202610
20501002,202610
20501951,202610
20505703,202610
20515033,202610
20529108,202610
20541406,202610
20549511,202610
20550262,202610
20554204,202610
20557618,202610
20578901,202610
20593229,202610
20598857,202610
20616807,202610
20629107,202610
20653035,202610
20673519,202610
20673911,202610
20677846,202610
20687318,202610
20687416,202610
20695014,202610
20695416,202610
20695909,202610
20697809,202610
20710113,202610
20730048,202610
20744084,202610
20748589,202610
20750557,202610
20751351,202610
20751514,202610
20760020,202610
20760339,202610
20762744,202610
20763390,202610
20764068,202610
20764412,202610
20767570,202610
20769628,202610
20769795,202610
20770060,202610
20773382,202610
20774039,202610
20774066,202610
20774137,202610
20774158,202610
20774306,202610
20774354,202610
20774376,202610
20774615,202610
20775184,202610
20775564,202610
20776542,202610
20776867,202610
20777726,202610
20778056,202610
20778458,202610
20778648,202610
20778653,202610
20779626,202610
20779800,202610
20780052,202610
20780567,202610
20781453,202610
20781778,202610
20781974,202610
20782777,202610
20783781,202610
20784178,202610
20784705,202610
20785015,202610
20785063,202610
20785330,202610
20785583,202610
20785676,202610
20786491,202610
20787652,202610
20790397,202610
20791678,202610
20792971,202610
20793599,202610
20793710,202610
20794886,202610
20794909,202610
20796857,202610
20801444,202610
20801676,202610
20801704,202610
20801726,202610
20802252,202610
20802443,202610
20802719,202610
20803962,202610
20805048,202610
20805151,202610
20805434,202610
20807192,202610
20807897,202610
20810128,202610
20811750,202610
20814068,202610
20814193,202610
20814308,202610
20815123,202610
20816565,202610
20817608,202610
20818141,202610
20818450,202610
20818493,202610
20819710,202610
20819845,202610
20821856,202610
20822291,202610
20822433,202610
20822594,202610
20822659,202610
20822709,202610
20822779,202610
20823355,202610
20824191,202610
20825163,202610
20825229,202610
20826085,202610
20826493,202610
20826711,202610
20826753,202610
20827520,202610
20828289,202610
20828669,202610
20828859,202610
20829442,202610
20829837,202610
20829962,202610
20830594,202610
20831405,202610
20831714,202610
20831860,202610
20832283,202610
20833543,202610
20833831,202610
20834655,202610
20835057,202610
20836400,202610
20837371,202610
20838189,202610
20838548,202610
20838651,202610
20840663,202610
20841826,202610
20843818,202610
20848216,202610
20849931,202610
20849947,202610
20859352,202610
20861224,202610
20861239,202610
20868937,202610
20873501,202610
20874810,202610
20874826,202610
20888309,202610
20896434,202610
20903224,202610
20917000,202610
20940537,202610
20947834,202610
20951576,202610
20966439,202610
21234291,202610
21244761,202610
22010707,202610
22184609,202610
22453580,202610
22456117,202610
22499684,202610
22511651,202610
22512363,202610
22515684,202610
22516924,202610
22527921,202610
22529168,202610
22551560,202610
22557585,202610
22565950,202610
22578836,202610
22595878,202610
22600106,202610
22608986,202610
22636955,202610
22676674,202610
22676689,202610
22680852,202610
22687573,202610
22693553,202610
22697312,202610
22698895,202610
22723212,202610
22751758,202610
22766979,202610
22771375,202610
22823319,202610
22825576,202610
22828996,202610
22831628,202610
22841750,202610
22843482,202610
22843574,202610
22852382,202610
22853066,202610
22861381,202610
22868785,202610
22880726,202610
22881339,202610
22938332,202610
22941126,202610
22952761,202610
22970439,202610
22979240,202610
22998154,202610
23021490,202610
23033019,202610
23040031,202610
23070604,202610
23114770,202610
23162625,202610
23168579,202610
23182170,202610
23183678,202610
23217353,202610
23222341,202610
23257523,202610
23270841,202610
23280377,202610
23282332,202610
23309753,202610
23313715,202610
23317888,202610
23317923,202610
23365298,202610
23372592,202610
23471299,202610
23478244,202610
23495898,202610
23525865,202610
23529341,202610
23590041,202610
23723035,202610
23887711,202610
23892144,202610
23897083,202610
23954366,202610
23962020,202610
23986326,202610
24000959,202610
24012218,202610
24020202,202610
24022320,202610
24031714,202610
24033121,202610
24047413,202610
24273162,202610
24312398,202610
24315698,202610
24345497,202610
24346046,202610
24348728,202610
24349661,202610
24398487,202610
24463418,202610
24481788,202610
24491028,202610
24493623,202610
24532359,202610
24535068,202610
24553136,202610
24557935,202610
24561380,202610
24570986,202610
24574028,202610
24636832,202610
24654606,202610
24691412,202610
24697892,202610
24702950,202610
24707771,202610
24708032,202610
24709291,202610
24710712,202610
24711064,202610
24711120,202610
24712774,202610
24715511,202610
24717905,202610
24718073,202610
24733644,202610
24736065,202610
24747464,202610
24755652,202610
24763421,202610
24777656,202610
24783735,202610
24786917,202610
24865052,202610
24874242,202610
24877796,202610
24889202,202610
24902459,202610
24945372,202610
24947033,202610
24949742,202610
24954738,202610
24956089,202610
24961479,202610
24974538,202610
24976228,202610
24996224,202610
25012799,202610
25017990,202610
25053931,202610
25060150,202610
25076842,202610
25104410,202610
25111101,202610
25112256,202610
25113157,202610
25121240,202610
25129881,202610
25130352,202610
25134667,202610
25136412,202610
25195018,202610
27003509,202610
27017905,202610
27034600,202610
27043501,202610
27080505,202610
27084621,202610
27100143,202610
27201135,202610
27283430,202610
27293161,202610
27316170,202610
27325375,202610
27328892,202610
27346511,202610
27434280,202610
27436105,202610
27443437,202610
27456050,202610
27497833,202610
27523419,202610
27539101,202610
27539783,202610
27563988,202610
27564797,202610
27570566,202610
27582768,202610
27592251,202610
27598261,202610
27614380,202610
27699042,202610
27712609,202610
27721184,202610
27721516,202610
27737989,202610
27742890,202610
27743217,202610
27749107,202610
27760664,202610
27765268,202610
27765838,202610
27771178,202610
27783998,202610
27784069,202610
27798970,202610
27802616,202610
27803349,202610
27814697,202610
27830660,202610
27832061,202610
27835004,202610
27840203,202610
27855423,202610
27876757,202610
27878586,202610
27980689,202610
27994396,202610
27994591,202610
27994993,202610
27998148,202610
28000396,202610
28006201,202610
28010633,202610
28101970,202610
28105194,202610
28172448,202610
28189665,202610
28190261,202610
28196223,202610
28212856,202610
28228386,202610
28327858,202610
28391513,202610
28441632,202610
28444201,202610
28453475,202610
28457774,202610
28458149,202610
28458345,202610
28460551,202610
28475365,202610
28475956,202610
28476028,202610
28483484,202610
28536882,202610
28586427,202610
28672345,202610
28674218,202610
28680892,202610
28683407,202610
28683856,202610
28717531,202610
28751565,202610
28819447,202610
28825790,202610
28832758,202610
28854464,202610
28869467,202610
28922012,202610
28927086,202610
28940383,202610
29033917,202610
29040396,202610
29051007,202610
29059394,202610
29075850,202610
29078815,202610
29150668,202610
29157108,202610
29176127,202610
29176787,202610
29179476,202610
29500551,202610
29527003,202610
29529500,202610
29538613,202610
29557553,202610
29572148,202610
29574666,202610
29585100,202610
29605507,202610
29646900,202610
29646916,202610
29703824,202610
29732519,202610
30411022,202610
30440027,202610
30440188,202610
30815853,202610
30817748,202610
30824038,202610
30830025,202610
30831946,202610
30832776,202610
30837110,202610
30838146,202610
30841888,202610
30842394,202610
30842887,202610
30844490,202610
30844956,202610
30845688,202610
30846119,202610
30848209,202610
30849306,202610
30850794,202610
30853883,202610
30854460,202610
30855046,202610
30855290,202610
30855910,202610
30857804,202610
30858064,202610
30859063,202610
30860940,202610
30863974,202610
30863995,202610
30866450,202610
30866493,202610
30866748,202610
30873889,202610
30877317,202610
30880777,202610
30881776,202610
30883107,202610
30883129,202610
30883423,202610
30884393,202610
30885323,202610
30885793,202610
30886131,202610
30886483,202610
30887835,202610
30887841,202610
30887862,202610
30889622,202610
30889720,202610
30890753,202610
30890769,202610
30890775,202610
30892801,202610
30893105,202610
30894998,202610
30895032,202610
30895743,202610
30895758,202610
30922988,202610
30975197,202610
30991400,202610
31081111,202610
31081956,202610
31081962,202610
31084052,202610
31086571,202610
31087071,202610
31087086,202610
31087570,202610
31093088,202610
31093094,202610
31093931,202610
31094191,202610
31095184,202610
31095190,202610
31095282,202610
31095327,202610
31095332,202610
31096769,202610
31097541,202610
31098274,202610
31103207,202610
31103760,202610
31104120,202610
31106844,202610
31108195,202610
31108575,202610
31109265,202610
31109595,202610
31110208,202610
31110299,202610
31115098,202610
31119290,202610
31123999,202610
31151066,202610
31198175,202610
31201278,202610
31201376,202610
31201777,202610
31204036,202610
31204042,202610
31212486,202610
31217004,202610
31223934,202610
31232292,202610
31234221,202610
31236229,202610
31236797,202610
31237331,202610
31237395,202610
31239106,202610
31239653,202610
31247653,202610
31250024,202610
31255533,202610
31256553,202610
31259046,202610
31260867,202610
31261747,202610
31266911,202610
31278199,202610
31278297,202610
31279514,202610
31281119,202610
31287541,202610
31290898,202610
31291550,202610
31295681,202610
31295866,202610
31296339,202610
31296464,202610
31297576,202610
31298667,202610
31298907,202610
31298913,202610
31304014,202610
31312149,202610
31315716,202610
31323146,202610
31333019,202610
31333812,202610
33003149,202610
33031481,202610
33031996,202610
33056095,202610
33232852,202610
33246103,202610
33248904,202610
33287650,202610
33657787,202610
33668166,202610
33673392,202610
33673718,202610
33684095,202610
33686050,202610
33686143,202610
33686333,202610
33689107,202610
33747681,202610
33750566,202610
33752348,202610
33752608,202610
33753389,202610
33756864,202610
33756870,202610
33759671,202610
33760240,202610
33760451,202610
33766906,202610
33767428,202610
33770211,202610
33776756,202610
33777191,202610
33778059,202610
33778065,202610
33778190,202610
33779058,202610
33780196,202610
33784307,202610
33784334,202610
33787141,202610
33787178,202610
33787233,202610
33787249,202610
33787613,202610
33795058,202610
33805154,202610
33808899,202610
33816531,202610
33823266,202610
33825519,202610
33827729,202610
33833861,202610
33835410,202610
33836797,202610
33837450,202610
33838182,202610
33838417,202610
33841356,202610
33845563,202610
33853232,202610
33902901,202610
33904318,202610
33918489,202610
33928331,202610
33971667,202610
33983853,202610
33985901,202610
33986768,202610
34004125,202610
34035324,202610
34049262,202610
34050099,202610
34066331,202610
34079764,202610
34105926,202610
34113572,202610
34114306,202610
34115163,202610
34116183,202610
34121910,202610
34126252,202610
34133916,202610
34133922,202610
34134041,202610
34135098,202610
34155241,202610
34156446,202610
34159149,202610
34162756,202610
34168999,202610
34169863,202610
34171679,202610
34171827,202610
34173310,202610
34175289,202610
34175534,202610
34180261,202610
34180516,202610
34186997,202610
34195573,202610
34195594,202610
34201717,202610
34203237,202610
34203638,202610
34209823,202610
34213657,202610
34215711,202610
34231418,202610
34234745,202610
34238307,202610
34245877,202610
34252200,202610
34252216,202610
34253643,202610
34253904,202610
34253910,202610
34253947,202610
34256156,202610
34258957,202610
34264352,202610
34267837,202610
34267858,202610
34268809,202610
34274099,202610
34274345,202610
34288896,202610
34300580,202610
34301027,202610
34312093,202610
34342483,202610
34411087,202610
34415485,202610
34416392,202610
34455768,202610
34456534,202610
34466358,202610
34470450,202610
34476095,202610
34501475,202610
34501664,202610
34563871,202610
34585116,202610
34585571,202610
34586261,202610
34652971,202610
34668256,202610
35000028,202610
35025506,202610
35037432,202610
35052329,202610
35160143,202610
35192314,202610
35435810,202610
35459208,202610
35559706,202610
35833747,202610
35877364,202610
35880570,202610
35885505,202610
35885511,202610
35886954,202610
35912587,202610
35933865,202610
35935879,202610
35938215,202610
35940471,202610
35942267,202610
35945671,202610
35948570,202610
35948797,202610
35950006,202610
35950012,202610
35960258,202610
35976272,202610
35976343,202610
35980281,202610
36021253,202610
36057462,202610
36064415,202610
36090336,202610
36168333,202610
36259312,202610
36274741,202610
36277178,202610
36277487,202610
36282236,202610
36356567,202610
36506572,202610
36510323,202610
36523755,202610
36524092,202610
36524570,202610
36526599,202610
36538526,202610
36540467,202610
36541058,202610
36544610,202610
37012149,202610
37074708,202610
37112323,202610
37117100,202610
37175706,202610
37179506,202610
38008100,202610
38036247,202610
38079420,202610
38120259,202610
38411989,202610
38424176,202610
38431872,202610
39136103,202610
39228004,202610
42092229,202610
42566078,202610
42567013,202610
42568272,202610
42611756,202610
42627125,202610
42635146,202610
42648450,202610
42657696,202610
42658415,202610
42659842,202610
42695452,202610
42698486,202610
42699963,202610
42703306,202610
42704945,202610
42705276,202610
42716196,202610
42717420,202610
42718595,202610
42723963,202610
42729776,202610
42730486,202610
42731247,202610
42736284,202610
42739331,202610
42778755,202610
42780767,202610
42825434,202610
42826519,202610
42835593,202610
42853711,202610
42855083,202610
42858103,202610
42863437,202610
42865667,202610
42866119,202610
42868453,202610
42940259,202610
42952851,202610
42967290,202610
42990686,202610
42991427,202610
42991502,202610
42992798,202610
42997392,202610
43144294,202610
43645902,202610
43652733,202610
43722962,202610
43735404,202610
43750066,202610
43785699,202610
43788112,202610
43835451,202610
43846464,202610
43874165,202610
43885487,202610
43886768,202610
43911675,202610
43913815,202610
44947617,202610
44987217,202610
45041575,202610
45134671,202610
45134861,202610
45877407,202610
45877856,202610
45899628,202610
46005176,202610
46188879,202610
46310106,202610
46466281,202610
46479700,202610
47017360,202610
47075781,202610
47080095,202610
47189449,202610
47287997,202610
50181006,202610
50509207,202610
50753757,202610
50777379,202610
50779291,202610
50787475,202610
50788643,202610
50796496,202610
50840866,202610
50840937,202610
50845790,202610
50846833,202610
50850836,202610
50851048,202610
50855781,202610
50856607,202610
50863614,202610
50869981,202610
50870805,202610
50876792,202610
50877336,202610
50878721,202610
50881227,202610
50883175,202610
50885758,202610
50889591,202610
50893455,202610
50897071,202610
50897500,202610
50898156,202610
50900596,202610
50966288,202610
50967998,202610
50971557,202610
50973289,202610
50975630,202610
50978670,202610
50980198,202610
50983110,202610
50985601,202610
50985715,202610
50985807,202610
50989655,202610
50990007,202610
50992315,202610
50997418,202610
50998161,202610
51015548,202610
51854607,202610
52206019,202610
52255496,202610
52366042,202610
52404051,202610
52414760,202610
52428048,202610
52470312,202610
52492792,202610
52536855,202610
52574169,202610
52695375,202610
52699442,202610
52757287,202610
52785729,202610
52799913,202610
52810516,202610
52813767,202610
52822983,202610
52823385,202610
52853079,202610
52854751,202610
52874948,202610
52876951,202610
52908200,202610
52924996,202610
53071480,202610
53126507,202610
53126865,202610
53128694,202610
53128765,202610
53177364,202610
53198179,202610
53205164,202610
53205973,202610
53210201,202610
53221713,202610
53225318,202610
53288116,202610
53309745,202610
53324921,202610
53347001,202610
53348418,202610
53348888,202610
53427102,202610
53431561,202610
53468497,202610
53527539,202610
53530921,202610
53557511,202610
53561199,202610
53567102,202610
53689288,202610
53693353,202610
53696788,202610
53706152,202610
53709382,202610
53720345,202610
53729612,202610
53731650,202610
53732362,202610
53746746,202610
53752726,202610
53774828,202610
53789580,202610
53799460,202610
53810021,202610
53838689,202610
53846739,202610
53901198,202610
53925277,202610
53926705,202610
53929702,202610
53941810,202610
53947379,202610
53955617,202610
53955855,202610
54000082,202610
54012691,202610
54013299,202610
54016922,202610
54019462,202610
54025464,202610
54029010,202610
54030895,202610
54030993,202610
54032269,202610
54032922,202610
54049016,202610
54050863,202610
54051482,202610
54051954,202610
54055375,202610
54056352,202610
54058099,202610
54078709,202610
54130971,202610
54154163,202610
54161328,202610
54161663,202610
54162918,202610
54164177,202610
54165112,202610
54172649,202610
54175890,202610
54191667,202610
54253516,202610
54272942,202610
54297900,202610
54300237,202610
54316651,202610
54318530,202610
54319019,202610
54325770,202610
54331528,202610
54349978,202610
54515700,202610
54553014,202610
54645176,202610
54654575,202610
54657828,202610
54666523,202610
54666832,202610
54674930,202610
54700183,202610
54700515,202610
54701303,202610
54702345,202610
54706686,202610
54706715,202610
54707307,202610
54708468,202610
54717311,202610
54720929,202610
54728295,202610
54730911,202610
54735211,202610
54738603,202610
54738630,202610
54771882,202610
54781880,202610
54811505,202610
54814284,202610
54838048,202610
54841326,202610
54848691,202610
54855003,202610
54855117,202610
54860218,202610
54860370,202610
54864684,202610
54870378,202610
54877180,202610
54877506,202610
54938763,202610
55218805,202610
55620813,202610
55620829,202610
55662025,202610
55682850,202610
55718978,202610
55732471,202610
55752433,202610
55765958,202610
55778905,202610
55792934,202610
55856970,202610
55880900,202610
56708956,202610
57612607,202610
59118498,202610
59291187,202610
60209812,202610
60226241,202610
60293819,202610
60308534,202610
60313071,202610
60331943,202610
60348521,202610
60377623,202610
60394685,202610
60418531,202610
60425815,202610
60434379,202610
60435095,202610
60435139,202610
60435172,202610
60462402,202610
60468519,202610
60469046,202610
60488515,202610
60497401,202610
60506561,202610
60507631,202610
60507750,202610
60541672,202610
60548078,202610
60562042,202610
60562922,202610
60583573,202610
60593586,202610
60599456,202610
60603584,202610
60605133,202610
60616482,202610
60642088,202610
60645162,202610
60649343,202610
60658026,202610
60676191,202610
60676447,202610
60676805,202610
60697246,202610
60697935,202610
60708026,202610
60719614,202610
60727255,202610
60746703,202610
60749808,202610
60755955,202610
60760269,202610
60764498,202610
60777037,202610
60779534,202610
60779767,202610
60783349,202610
60791827,202610
60792369,202610
61784692,202610
61813036,202610
61984029,202610
62047199,202610
62055177,202610
62061712,202610
62062613,202610
62076948,202610
62083928,202610
62083997,202610
62100399,202610
62100601,202610
62108884,202610
62109899,202610
62120780,202610
62126052,202610
62135242,202610
62148035,202610
62148041,202610
62190737,202610
62199569,202610
62200307,202610
62201122,202610
62214920,202610
62215977,202610
62237590,202610
62249765,202610
62255007,202610
62259572,202610
63027800,202610
63911202,202610
64841887,202610
64868105,202610
66289828,202610
66367788,202610
66389360,202610
66486139,202610
66490181,202610
66490669,202610
66538328,202610
66591081,202610
66591553,202610
66609717,202610
66612157,202610
66618357,202610
66621114,202610
66625907,202610
66627264,202610
66629072,202610
66647472,202610
66850636,202610
66901240,202610
66906723,202610
66912035,202610
66918306,202610
67039118,202610
67321059,202610
67379571,202610
68118701,202610
68569634,202610
68614510,202610
68618115,202610
68670293,202610
69279562,202610
69289724,202610
69295606,202610
69305999,202610
69314245,202610
69314673,202610
69327656,202610
69441707,202610
69442115,202610
69446702,202610
69447131,202610
69514975,202610
69730474,202610
69732727,202610
69753172,202610
70350319,202610
70350937,202610
70353152,202610
70359297,202610
70364778,202610
70370808,202610
70373039,202610
70377669,202610
70380094,202610
70418296,202610
70438075,202610
70441917,202610
70451013,202610
70460913,202610
70466297,202610
70479820,202610
70487032,202610
70489685,202610
70531706,202610
70535180,202610
70555609,202610
70563002,202610
70567204,202610
70579068,202610
70594146,202610
70607395,202610
70622213,202610
70622522,202610
70624227,202610
70646284,202610
70688930,202610
70700300,202610
70705332,202610
70762591,202610
70764991,202610
70810572,202610
70843911,202610
70845903,202610
74725985,202610
75185063,202610
75211490,202610
75943002,202610
76374099,202610
80005822,202610
80012197,202610
80053197,202610
80105511,202610
80148053,202610
80151508,202610
80162054,202610
80163482,202610
80261322,202610
80305460,202610
80412927,202610
80454475,202610
80467387,202610
80482937,202610
80496720,202610
80503378,202610
80509014,202610
80514776,202610
80521360,202610
80537412,202610
80542610,202610
80543364,202610
80613966,202610
80626625,202610
80633702,202610
80650716,202610
80657605,202610
80670950,202610
80671352,202610
80682956,202610
80688591,202610
80690077,202610
81104976,202610
82783939,202610
82797429,202610
82799828,202610
82800472,202610
82806721,202610
82813321,202610
82813954,202610
82816636,202610
82817781,202610
82872398,202610
82877372,202610
82878301,202610
82888005,202610
82909775,202610
82910647,202610
82910787,202610
82922931,202610
82923376,202610
82959107,202610
82972811,202610
82974938,202610
82983872,202610
82990803,202610
83001357,202610
83008513,202610
83037756,202610
83037812,202610
83038100,202610
83038143,202610
83041745,202610
83061951,202610
83075505,202610
83076928,202610
83107990,202610
83115133,202610
83142687,202610
83174619,202610
83176460,202610
83177524,202610
83209954,202610
83227480,202610
83250313,202610
83250812,202610
83259742,202610
83304438,202610
83367469,202610
83370035,202610
83370056,202610
83412696,202610
83434827,202610
83475333,202610
83482926,202610
83487921,202610
83493108,202610
83512920,202610
83541214,202610
83545252,202610
83572308,202610
83576986,202610
83586268,202610
83598623,202610
83612625,202610
83617136,202610
83618775,202610
83626509,202610
83629914,202610
83684388,202610
83708311,202610
83741727,202610
83742417,202610
83748377,202610
83773092,202610
83784176,202610
84012162,202610
84078608,202610
84082808,202610
84148674,202610
84155695,202610
84250229,202610
84250500,202610
84251634,202610
84251727,202610
84252248,202610
84252633,202610
84254766,202610
84255929,202610
84270442,202610
84443850,202610
84448829,202610
84449209,202610
84492492,202610
84553390,202610
84634529,202610
84702125,202610
84705354,202610
84706213,202610
84707466,202610
84709231,202610
84709598,202610
84709696,202610
84711601,202610
84768131,202610
84769119,202610
84770848,202610
84778399,202610
84867126,202610
84880296,202610
84882610,202610
84889162,202610
84892413,202610
84934482,202610
84937039,202610
84937690,202610
84954091,202610
84978349,202610
85008263,202610
85012365,202610
85018537,202610
85024637,202610
85025050,202610
85030119,202610
85036161,202610
85037507,202610
85040828,202610
85064237,202610
85094491,202610
85129359,202610
86008396,202610
86144012,202610
86319906,202610
86380514,202610
86514274,202610
86661129,202610
86684571,202610
86685277,202610
86688605,202610
86691881,202610
86700592,202610
86751846,202610
86770169,202610
86784760,202610
86786036,202610
86923860,202610
86925115,202610
86925403,202610
86939173,202610
89117720,202610
89119760,202610
89119852,202610
89124264,202610
89129296,202610
89164125,202610
89185613,202610
89195078,202610
89197625,202610
89228084,202610
89272525,202610
89285177,202610
89290241,202610
89303323,202610
89305309,202610
89306399,202610
89306932,202610
89323616,202610
89327633,202610
89353532,202610
89355594,202610
89442583,202610
89445548,202610
89454519,202610
89481001,202610
89482368,202610
89496996,202610
89503053,202610
89507810,202610
89510343,202610
89510651,202610
89524199,202610
89527999,202610
89532183,202610
89586568,202610
89591696,202610
89599732,202610
89625801,202610
89626013,202610
89639087,202610
89695475,202610
89698727,202610
89734842,202610
89738185,202610
89777118,202610
89823540,202610
89828411,202610
89834785,202610
89840386,202610
89848937,202610
89860988,202610
89867455,202610
89879966,202610
89884898,202610
89904698,202610
89911537,202610
89923029,202610
89928185,202610
89947129,202610
89987698,202610
90002839,202610
90030069,202610
90035212,202610
90035563,202610
90039104,202610
90039553,202610
90041930,202610
90049139,202610
90084472,202610
90126389,202610
90145180,202610
90168789,202610
90177942,202610
90178251,202610
90178739,202610
90187717,202610
90188321,202610
90201008,202610
90207967,202610
90214849,202610
90217445,202610
90229694,202610
90229717,202610
90256734,202610
90269219,202610
90298713,202610
90306517,202610
90377673,202610
90386650,202610
90399894,202610
90411124,202610
90422656,202610
90444048,202610
90446691,202610
90451949,202610
90459371,202610
90459631,202610
90472563,202610
90495708,202610
90506917,202610
90532197,202610
90536932,202610
90545382,202610
90551665,202610
90564280,202610
90573470,202610
90577617,202610
90602382,202610
90607289,202610
90616436,202610
90645381,202610
90645729,202610
90673196,202610
90673323,202610
90681512,202610
90683194,202610
90707061,202610
90744684,202610
90748703,202610
90769798,202610
90777256,202610
90796319,202610
90796492,202610
90800545,202610
90800968,202610
90803901,202610
90828229,202610
91002533,202610
91007642,202610
91023410,202610
91075021,202610
91083134,202610
91085148,202610
91091084,202610
91097502,202610
91111080,202610
92600537,202610
93367170,202610
93368662,202610
93378774,202610
93491614,202610
93491641,202610
93492108,202610
93506481,202610
93521960,202610
93526629,202610
93570770,202610
93572025,202610
93572236,202610
93575178,202610
93591590,202610
93592872,202610
93605671,202610
93605790,202610
93609281,202610
93621829,202610
93636415,202610
93652955,202610
93655496,202610
93656137,202610
93667535,202610
93684990,202610
93721735,202610
93762405,202610
93763951,202610
93795124,202610
93799536,202610
93937860,202610
94000545,202610
94013767,202610
94029374,202610
94030554,202610
94067480,202610
94069277,202610
94070372,202610
94077662,202610
94085874,202610
94092988,202610
94093142,202610
94105317,202610
94114126,202610
94114370,202610
94137177,202610
94137676,202610
94157594,202610
94157877,202610
94157932,202610
94172504,202610
94175164,202610
94175452,202610
94176614,202610
94176831,202610
94176939,202610
94182411,202610
94187197,202610
94197499,202610
94210985,202610
94225262,202610
94252210,202610
94255005,202610
94266426,202610
94271547,202610
94273637,202610
94688559,202610
94720903,202610
95426673,202610
95437334,202610
95448655,202610
95460783,202610
95461283,202610
95466490,202610
95468808,202610
95485784,202610
95495517,202610
95497374,202610
95498633,202610
96158767,202610
96571436,202610
96574969,202610
96648646,202610
96672188,202610
96758755,202610
96760345,202610
96768276,202610
96779148,202610
96806573,202610
96808312,202610
96810035,202610
96827676,202610
96833972,202610
96838738,202610
96847309,202610
96872616,202610
96906307,202610
96914828,202610
96936251,202610
96957699,202610
96959063,202610
96959562,202610
96963670,202610
96964360,202610
96965614,202610
96999348,202610
97002742,202610
97029995,202610
97031654,202610
97037448,202610
97068687,202610
97081295,202610
97084119,202610
97098922,202610
97122459,202610
97127095,202610
97169587,202610
97180350,202610
97202848,202610
97212135,202610
97231533,202610
97235453,202610
97259428,202610
97306442,202610
97331385,202610
97355604,202610
97376571,202610
97383340,202610
97409974,202610
97430126,202610
97435109,202610
97450656,202610
97451873,202610
97462251,202610
97478710,202610
97484945,202610
97545324,202610
97608642,202610
98640418,202610
98645841,202610
98648707,202610
99995520,202610
