統一編號,公司名稱,公司所在地,代表人,資本額,核准設立日期,核准變更日期,案由或變更事項,營業項目,縣市,清冊,期別
24998335,凱翎國際物流有限公司,桃園市大園區航翔路101號4樓T4053室,程建耀,1000000,115/09/11,,,G801010 倉儲業；G799990 其他運輸輔助業；IZ06010 理貨包裝業；IZ09010 管理系統驗證業；F401010 國際貿易業；ZZ99999 除許可業務外，得經營法令非禁止或限制之業務,桃園市,設立,11509
61926160,香港商鴻華電子科技有限公司,桃園市桃園區中正路1071號5樓之4,卓浩廷,1000000,115/09/21,,,I102010 一般投資顧問業；I103060 管理顧問業；I199990 其他顧問服務業；IG03010 能源技術服務業；F401010 國際貿易業；ZZ99999 除許可業務外，得經營法令非禁止或限制之業務,桃園市,設立,11509
62011241,言鼎資本股份有限公司,桃園市中壢區永光里6鄰環北路50號,游桂英,15000000,115/09/01,,,HZ02010 金融機構金錢債權收買業務；HZ02020 辦理金融機構金錢債權之評價或拍賣業務；HZ99990 其他金融、保險及不動產業；I102010 一般投資顧問業；I103060 管理顧問業；H201010 一般投資業；H202010 創業投資業；F114010 汽車批發業；F114030 汽、機車零件配備批發業；F214010 汽車零售業,桃園市,設立,11509
62011256,無向運動有限公司,桃園市中壢區正義里蘭州街45號(1樓),張博光,300000,115/09/01,,,F104110 布疋、衣著、鞋、帽、傘、服飾品批發業；F109070 文教、樂器、育樂用品批發業；F204110 布疋、衣著、鞋、帽、傘、服飾品零售業；F209060 文教、樂器、育樂用品零售業；F113070 電信器材批發業；F119010 電子材料批發業；F219010 電子材料零售業；I301030 電子資訊供應服務業；F106020 日常用品批發業；F206020 日常用品零售業,桃園市,設立,11509
62011262,泰緯資本股份有限公司,桃園市桃園區大興西路一段9號（1樓）,許秀如,8000000,115/09/01,,,H201010 一般投資業；ZZ99999 除許可業務外，得經營法令非禁止或限制之業務,桃園市,設立,11509
62011278,慧盈數位科技有限公司,桃園市觀音區廣興里成功路三段212號（1樓）,楊綵燕,2000000,115/09/01,,,F219010 電子材料零售業；CB01020 事務機器製造業；CC01120 資料儲存媒體製造及複製業；E605010 電腦設備安裝業；F113050 電腦及事務性機器設備批發業；F118010 資訊軟體批發業；F213030 電腦及事務性機器設備零售業；F218010 資訊軟體零售業；F119010 電子材料批發業；F401010 國際貿易業,桃園市,設立,11509
62011283,先進醫材研發股份有限公司,桃園市桃園區復興路51之2號10樓之3,葉吉芳,60000,115/09/01,,,F113010 機械批發業；F113020 電器批發業；F113030 精密儀器批發業；F113050 電腦及事務性機器設備批發業；F113990 其他機械器具批發業；F213030 電腦及事務性機器設備零售業；F219010 電子材料零售業；I101090 食品顧問業；I103060 管理顧問業；I301010 資訊軟體服務業,桃園市,設立,11509
62011299,匯策有限公司,桃園市桃園區藝文里大興西路一段262號6樓,簡榮廷,50000,115/09/01,,,J202010 產業育成業；I301030 電子資訊供應服務業；JB01010 會議及展覽服務業；J399990 其他出版業；ZZ99999 除許可業務外，得經營法令非禁止或限制之業務,桃園市,設立,11509
62011306,宏嘉不動產有限公司,桃園市平鎮區山峰里中豐路山頂段441巷34弄4之1號,顏嘉賢,1000000,115/09/01,,,H704031 不動產仲介經紀業；H703090 不動產買賣業；H703100 不動產租賃業；H703110 老人住宅業；H703120 自助儲物空間業；HZ99990 其他金融、保險及不動產業；I103060 管理顧問業；I199990 其他顧問服務業；I401010 一般廣告服務業；IZ99990 其他工商服務業,桃園市,設立,11509
62011312,澄川投資有限公司,桃園市桃園區經國里經國路251巷88號8樓之2,楊振翔,3000000,115/09/01,,,H201010 一般投資業；ZZ99999 除許可業務外，得經營法令非禁止或限制之業務,桃園市,設立,11509
62011328,金碩興業有限公司,桃園市龜山區大湖里文化三路87號12樓之1,鄭朝聰,300000,115/09/01,,,CA01050 鋼材二次加工業；CA02010 金屬結構及建築組件製造業；CB01010 機械設備製造業；CB01030 污染防治設備製造業；CB01990 其他機械製造業；CQ01010 模具製造業；E401010 疏濬業；E599010 配管工程業；E601010 電器承裝業；E603100 電焊工程業,桃園市,設立,11509
62011333,雷迪恩科技有限公司,桃園市桃園區新埔六街101號22樓,陳郁婷,500000,115/09/01,,,F401010 國際貿易業；I301010 資訊軟體服務業；I501010 產品設計業；ZZ99999 除許可業務外，得經營法令非禁止或限制之業務；F107010 漆料、塗料批發業；F107020 染料、顏料批發業；F113020 電器批發業；F113030 精密儀器批發業；F113050 電腦及事務性機器設備批發業；F119010 電子材料批發業,桃園市,設立,11509
62011349,富利德環保科技股份有限公司,桃園市八德區大竹里興豐路1676號（1樓）,林月珍,1600000,115/09/01,,,J101030 廢棄物清除業；J101040 廢棄物處理業；J101080 資源回收業；J101090 廢棄物清理業；A401990 其他畜牧業；H201010 一般投資業；H701040 特定專業區開發業；H701050 投資興建公共建設業；H701060 新市鎮、新社區開發業；H701070 區段徵收及市地重劃代辦業,桃園市,設立,11509
62011354,旭璟不動產開發有限公司,桃園市桃園區藝文里新埔六街95號21樓,方振旭,200000,115/09/01,,,H704031 不動產仲介經紀業；H704041 不動產代銷經紀業；H701010 住宅及大樓開發租售業；H701020 工業廠房開發租售業；H701050 投資興建公共建設業；H701060 新市鎮、新社區開發業；H701070 區段徵收及市地重劃代辦業；H701090 都市更新整建維護業；H702010 建築經理業；H703090 不動產買賣業,桃園市,設立,11509
62011360,山鋐精密機械有限公司,桃園市蘆竹區新興里中興一街140號,方家峻,2000000,115/09/02,,,CB01010 機械設備製造業；CA02990 其他金屬製品製造業；CD01030 汽車及其零件製造業；CC01080 電子零組件製造業；ZZ99999 除許可業務外，得經營法令非禁止或限制之業務,桃園市,設立,11509
62011376,拓界設計有限公司,桃園市桃園區中正路1080號11樓,嚴義翔,500000,115/09/02,,,E801010 室內裝潢業；I503010 景觀設計業；E603090 照明設備安裝工程業；CN01010 家具及裝設品製造業；F205040 家具、寢具、廚房器具、裝設品零售業；F105050 家具、寢具、廚房器具、裝設品批發業；F111090 建材批發業；F401010 國際貿易業；ZZ99999 除許可業務外，得經營法令非禁止或限制之業務,桃園市,設立,11509
62011381,弘昌行銷有限公司,桃園市楊梅區楊梅里大成路220號4樓,葉高沂,500000,115/09/02,,,F399040 無店面零售業；F401010 國際貿易業；I103060 管理顧問業；I301010 資訊軟體服務業；I301020 資料處理服務業；I301030 電子資訊供應服務業；I301060 網路廣告平臺業；I401010 一般廣告服務業；I401020 廣告傳單分送業；I501010 產品設計業,桃園市,設立,11509
62011397,藝飛控股股份有限公司,桃園市中壢區文智路187號,李濰伊,100000,115/09/02,,,J601010 藝文服務業；J402010 電影片發行業；J404010 動畫影片製作業；J399010 軟體出版業；J303010 雜誌（期刊）出版業；J602010 演藝活動業；JZ99990 未分類其他服務業；I105010 藝術品諮詢顧問業；I199990 其他顧問服務業；I103060 管理顧問業,桃園市,設立,11509
62011404,賢盛馭野汽車有限公司,桃園市八德區明光街44巷5號(1樓),林育賢,100000,115/09/02,,,F113030 精密儀器批發業；F113060 度量衡器批發業；F114010 汽車批發業；F114030 汽、機車零件配備批發業；F213030 電腦及事務性機器設備零售業；F213040 精密儀器零售業；F213050 度量衡器零售業；F214010 汽車零售業；F214030 汽、機車零件配備零售業；F401010 國際貿易業,桃園市,設立,11509
62011410,芊杉熹曜有限公司,桃園市龍潭區百年里百年路48號地下室,謝佳祥,200000,115/09/02,,,JZ99030 攝影業；J604010 聲音錄製及音樂發行業；J603010 音樂展演空間業；J602010 演藝活動業；J601010 藝文服務業；J503050 錄影節目帶業；J503040 廣播電視廣告業；J503030 廣播電視節目發行業；J503020 電視節目製作業；J503010 廣播節目製作業,桃園市,設立,11509
62011426,眾向投資有限公司,桃園市中壢區中美路一段18號13樓之15,江培德,5000000,115/09/02,,,H201010 一般投資業,桃園市,設立,11509
62011431,澤桓投資有限公司,桃園市桃園區仁愛路87巷2之2號,周家宇,500000,115/09/02,,,H201010 一般投資業；ZZ99999 除許可業務外，得經營法令非禁止或限制之業務,桃園市,設立,11509
62011452,恆司易股份有限公司,桃園市觀音區國光路10號,陳秀香,70000000,115/09/04,,,C801010 基本化學工業；C801030 精密化學材料製造業；C801990 其他化學材料製造業；C802170 毒性及關注化學物質製造業；C802990 其他化學製品製造業；F107060 毒性及關注化學物質批發業；F107200 化學原料批發業；F107990 其他化學製品批發業；F401010 國際貿易業；J101040 廢棄物處理業,桃園市,設立,11509
62011468,麒驊科技股份有限公司,桃園市蘆竹區順興里南順四街35號11樓,陳思延,10000000,115/09/03,,,H701010 住宅及大樓開發租售業；H701020 工業廠房開發租售業；H703090 不動產買賣業；H703100 不動產租賃業；H201010 一般投資業；F401010 國際貿易業；ZZ99999 除許可業務外，得經營法令非禁止或限制之業務,桃園市,設立,11509
62011474,恒築昕材有限公司,桃園市蘆竹區錦中里南崁路一段99號2樓之4,林豪偉,1500000,115/09/03,,,E801010 室內裝潢業；F104110 布疋、衣著、鞋、帽、傘、服飾品批發業；F105050 家具、寢具、廚房器具、裝設品批發業；F106010 五金批發業；F106020 日常用品批發業；F106040 水器材料批發業；F111090 建材批發業；F113020 電器批發業；F113070 電信器材批發業；F113110 電池批發業,桃園市,設立,11509
62011489,碩巨科技股份有限公司,桃園市中壢區青航里青峰路一段49號5樓,徐彥溥,1000000,115/09/03,,,I103060 管理顧問業；I301010 資訊軟體服務業；IG02010 研究發展服務業；ZZ99999 除許可業務外，得經營法令非禁止或限制之業務,桃園市,設立,11509
62011495,禾晨國際有限公司,桃園市桃園區雲林里建國路17號,武文傑,500000,115/09/03,,,F501060 餐館業；F501030 飲料店業；F203010 食品什貨、飲料零售業；F401010 國際貿易業；F399040 無店面零售業；ZZ99999 除許可業務外，得經營法令非禁止或限制之業務,桃園市,設立,11509
62011501,東旻生技股份有限公司,桃園市蘆竹區長興里南崁路二段66之6號4樓,劉益維,2000000,115/09/03,,,C802060 動物用藥製造業；C901010 陶瓷及陶瓷製品製造業；CB01010 機械設備製造業；CE01010 一般儀器製造業；CF01011 醫療器材製造業；F107070 動物用藥品批發業；F108031 醫療器材批發業；F118010 資訊軟體批發業；F207070 動物用藥零售業；F208031 醫療器材零售業,桃園市,設立,11509
62011517,銧影企業有限公司,桃園市龜山區文化里文昌一街47巷20號2樓之2,吳恩愷,500000,115/09/03,,,E603090 照明設備安裝工程業；E601010 電器承裝業；E601020 電器安裝業；F113110 電池批發業；F213110 電池零售業；EZ99990 其他工程業；F117010 消防安全設備批發業；F113020 電器批發業；F217010 消防安全設備零售業；F213010 電器零售業,桃園市,設立,11509
62011538,弘昌投資有限公司,桃園市楊梅區楊梅里大成路220號4樓,葉高沂,500000,115/09/03,,,H201010 一般投資業；ZZ99999 除許可業務外，得經營法令非禁止或限制之業務,桃園市,設立,11509
62011559,紅蕃茄國際餐飲有限公司,桃園市楊梅區四維里益新一街128巷40號(1樓),林麗蓉,3000000,115/09/03,,,F501990 其他餐飲業；F102040 飲料批發業；F203010 食品什貨、飲料零售業；F102170 食品什貨批發業；F399010 便利商店業；H703100 不動產租賃業；F501060 餐館業；C199030 即食餐食製造業；ZZ99999 除許可業務外，得經營法令非禁止或限制之業務,桃園市,設立,11509
62011565,祐盛永續股份有限公司,桃園市桃園區福林里介壽路495巷65號14樓,林紋安,3000000,115/09/03,,,F203010 食品什貨、飲料零售業；F221010 食品添加物零售業；F203020 菸酒零售業；F399040 無店面零售業；F501030 飲料店業；F501060 餐館業；F501990 其他餐飲業；F102170 食品什貨批發業；F101100 花卉批發業；F102030 菸酒批發業,桃園市,設立,11509
62011571,浚埕企業有限公司,桃園市八德區茄苳里永豐路274號（1樓）,林后霖,500000,115/09/03,,,CA02010 金屬結構及建築組件製造業；CA02080 金屬鍛造業；CA02990 其他金屬製品製造業；E801020 門窗安裝工程業；E801030 室內輕鋼架工程業；E801040 玻璃安裝工程業；E801070 廚具、衛浴設備安裝工程業；E901010 油漆工程業；E903010 防蝕、防銹工程業；F106010 五金批發業,桃園市,設立,11509
62011586,樂比工程顧問有限公司,桃園市八德區東勇二路32號(1樓),簡琨展,100000,115/09/03,,,I101061 工程技術顧問業；EZ99990 其他工程業；EZ06010 交通標示工程業；E903010 防蝕、防銹工程業；E901010 油漆工程業；E801070 廚具、衛浴設備安裝工程業；E801030 室內輕鋼架工程業；E801020 門窗安裝工程業；E801010 室內裝潢業；E607010 太陽熱能設備安裝工程業,桃園市,設立,11509
62011592,粥潮鮮有限公司,桃園市龜山區文樂里樂善二路191號,林克槐,100000,115/09/03,,,F501060 餐館業；F203010 食品什貨、飲料零售業；F102170 食品什貨批發業；F102040 飲料批發業；ZZ99999 除許可業務外，得經營法令非禁止或限制之業務,桃園市,設立,11509
62011609,承方科技有限公司,桃園市蘆竹區南崁路一段166號,張志遠,500000,115/09/03,,,F113110 電池批發業；F213110 電池零售業；F114030 汽、機車零件配備批發業；F214030 汽、機車零件配備零售業；F113020 電器批發業；F213010 電器零售業；F119010 電子材料批發業；F219010 電子材料零售業；F113010 機械批發業；F213080 機械器具零售業,桃園市,設立,11509
62011615,鍀澺精密有限公司,桃園市桃園區中正路1092號25樓,陳冠鈺,5000000,115/09/04,,,E903010 防蝕、防銹工程業；EZ99990 其他工程業；F106010 五金批發業；F111090 建材批發業；F199990 其他批發業；F206010 五金零售業；F211010 建材零售業；F299990 其他零售業；F401010 國際貿易業；CA02010 金屬結構及建築組件製造業,桃園市,設立,11509
62011621,名馳有限公司,桃園市桃園區龍祥街50之14號12樓,李彥欣,1000000,115/09/04,,,H701010 住宅及大樓開發租售業；H701020 工業廠房開發租售業；H701090 都市更新整建維護業；H702010 建築經理業；H703090 不動產買賣業；H703100 不動產租賃業；H706011 租賃住宅代管業；H706021 租賃住宅包租業；HZ99990 其他金融、保險及不動產業；I102010 一般投資顧問業,桃園市,設立,11509
62011636,探究科技有限公司,桃園市桃園區大興西路二段6號10樓之5,蔡承序,3000000,115/09/04,,,F118010 資訊軟體批發業；F213030 電腦及事務性機器設備零售業；F213040 精密儀器零售業；F213060 電信器材零售業；F218010 資訊軟體零售業；F219010 電子材料零售業；F399040 無店面零售業；F399990 其他綜合零售業；F401010 國際貿易業；F601010 智慧財產權業,桃園市,設立,11509
62011642,咬世界國際有限公司,桃園市桃園區大興西路二段6號10樓之5,郭甯,500000,115/09/04,,,F102170 食品什貨批發業；F203010 食品什貨、飲料零售業；F102020 食用油脂批發業；F102040 飲料批發業；F102050 茶葉批發業；F101130 蔬果批發業；F101990 其他農、畜、水產品批發業；F201020 畜產品零售業；F201030 水產品零售業；F201010 農產品零售業,桃園市,設立,11509
62011657,科晉資訊股份有限公司,桃園市桃園區藝文一街86之6號5樓,郭傳宇,1000000,115/09/04,,,I301010 資訊軟體服務業；I301020 資料處理服務業；I301030 電子資訊供應服務業；I301060 網路廣告平臺業；I199990 其他顧問服務業；I501010 產品設計業；IG02010 研究發展服務業；IZ12010 人力派遣業；IZ99990 其他工商服務業；F401010 國際貿易業,桃園市,設立,11509
62011663,優緻媒體服務有限公司,桃園市桃園區龍安里國豐三街145號七樓,何育祥,1500000,115/09/04,,,F401010 國際貿易業；CC01120 資料儲存媒體製造及複製業；C701010 印刷業；C703010 印刷品裝訂及加工業；CZ99990 未分類其他工業製品製造業；F601010 智慧財產權業；J303010 雜誌（期刊）出版業；J304010 圖書出版業；J305010 有聲出版業；J601010 藝文服務業,桃園市,設立,11509
62011679,今沅股份有限公司,桃園市平鎮區平鎮里新光路三段安居巷13號,林雅雯,14181870,115/09/07,,,H201010 一般投資業；ZZ99999 除許可業務外，得經營法令非禁止或限制之業務,桃園市,設立,11509
62011684,岩呈投資有限公司,桃園市平鎮區萬興街46號(1樓),游筑涵,1000000,115/09/04,,,H201010 一般投資業；H701010 住宅及大樓開發租售業；H703090 不動產買賣業；H703100 不動產租賃業；I102010 一般投資顧問業；I103060 管理顧問業；I199990 其他顧問服務業；I301010 資訊軟體服務業；I301020 資料處理服務業；ZZ99999 除許可業務外，得經營法令非禁止或限制之業務,桃園市,設立,11509
62011690,泰興自動化有限公司,桃園市平鎮區新勢里延平路一段215巷9號2樓,胡建忠,2000000,115/09/04,,,CB01010 機械設備製造業；CP01010 手工具製造業；E603050 自動控制設備工程業；E604010 機械安裝業；F113010 機械批發業；F113990 其他機械器具批發業；F119010 電子材料批發業；F213080 機械器具零售業；F213990 其他機械器具零售業；F219010 電子材料零售業,桃園市,設立,11509
62011707,宸覓美學有限公司,桃園市桃園區永安路411巷18號,張宸綾,200000,115/09/04,,,I401010 一般廣告服務業；F299990 其他零售業；F102170 食品什貨批發業；F105050 家具、寢具、廚房器具、裝設品批發業；F106010 五金批發業；F106020 日常用品批發業；F108040 化粧品批發業；F113020 電器批發業；F199990 其他批發業；F203010 食品什貨、飲料零售業,桃園市,設立,11509
62011713,鴻昇環保事業股份有限公司,桃園市觀音區中山路一段318號,黃福城,15400000,115/09/04,,,C901040 預拌混凝土製造業；C901030 水泥製造業；C901050 水泥及混凝土製品製造業；C901070 石材製品製造業；B601010 土石採取業；F111090 建材批發業；F211010 建材零售業；F401010 國際貿易業；ZZ99999 除許可業務外，得經營法令非禁止或限制之業務；F199010 回收物料批發業,桃園市,設立,11509
62011729,逢元投資有限公司,桃園市桃園區中正路1071號6樓之5,徐明峰,600000,115/09/04,,,H201010 一般投資業,桃園市,設立,11509
62011734,星任科技有限公司,桃園市中壢區中豐路17號,陳天祥,100000,115/09/04,,,CB01010 機械設備製造業；CB01990 其他機械製造業；CC01080 電子零組件製造業；CC01990 其他電機及電子機械器材製造業；CD01030 汽車及其零件製造業；CD01040 機車及其零件製造業；CD01050 自行車及其零件製造業；CE01010 一般儀器製造業；CP01010 手工具製造業；CQ01010 模具製造業,桃園市,設立,11509
62011740,先進晶體科技股份有限公司,桃園市楊梅區四維里文化街218巷1弄40號(1樓),邱智宏,5000000,115/09/04,,,CC01080 電子零組件製造業；CC01990 其他電機及電子機械器材製造業；F113010 機械批發業；F119010 電子材料批發業；F219010 電子材料零售業；F401010 國際貿易業；I199990 其他顧問服務業；I301010 資訊軟體服務業；I301020 資料處理服務業；IZ99990 其他工商服務業,桃園市,設立,11509
62011755,承豐實業有限公司,桃園市平鎮區貿易里貿五路87號(1樓),黃丹霞,200000,115/09/04,,,E604010 機械安裝業；F119010 電子材料批發業；F219010 電子材料零售業；F120010 耐火材料批發業；F220010 耐火材料零售業；F113020 電器批發業；F213010 電器零售業；F118010 資訊軟體批發業；F218010 資訊軟體零售業；F113030 精密儀器批發業,桃園市,設立,11509
62011761,譽誠開發有限公司,桃園市中壢區中正路257號8樓,鍾源譽,50000,115/09/07,,,H701010 住宅及大樓開發租售業；H701020 工業廠房開發租售業；H701050 投資興建公共建設業；H701060 新市鎮、新社區開發業；H701070 區段徵收及市地重劃代辦業；H702010 建築經理業；H703090 不動產買賣業；H703100 不動產租賃業；I102010 一般投資顧問業；I103060 管理顧問業,桃園市,設立,11509
62011777,布迪國際貿易有限公司,桃園市桃園區長安里長春路196號(1樓),賴鈺雯,1000000,115/09/07,,,F109070 文教、樂器、育樂用品批發業；F209060 文教、樂器、育樂用品零售業；F206020 日常用品零售業；F106010 五金批發業；F204110 布疋、衣著、鞋、帽、傘、服飾品零售業；F104110 布疋、衣著、鞋、帽、傘、服飾品批發業；F105050 家具、寢具、廚房器具、裝設品批發業；F205040 家具、寢具、廚房器具、裝設品零售業；F119010 電子材料批發業；F199990 其他批發業,桃園市,設立,11509
62011782,盛曦工程設計有限公司,桃園市蘆竹區營盤里歐楓街76號九樓,陳榮基,1000000,115/09/07,,,E102011 土木包工業；E801010 室內裝潢業；E801020 門窗安裝工程業；E801030 室內輕鋼架工程業；E801070 廚具、衛浴設備安裝工程業；E901010 油漆工程業；E599010 配管工程業；F105050 家具、寢具、廚房器具、裝設品批發業；F106010 五金批發業；F106020 日常用品批發業,桃園市,設立,11509
62011798,花木香氣創藝有限公司,桃園市桃園區大興西路一段262號6樓,盧柏蓉,200000,115/09/07,,,F108040 化粧品批發業；F208040 化粧品零售業；I103060 管理顧問業；I199990 其他顧問服務業；F399040 無店面零售業；F401010 國際貿易業；F206020 日常用品零售業；F106020 日常用品批發業；ZZ99999 除許可業務外，得經營法令非禁止或限制之業務,桃園市,設立,11509
62011805,鴻軒有限公司,桃園市中壢區新街里延平路261號7樓,陳育愷,300000,115/09/07,,,IZ12010 人力派遣業；E599010 配管工程業；E603010 電纜安裝工程業；E603090 照明設備安裝工程業；E604010 機械安裝業；E801010 室內裝潢業；EZ02010 起重工程業；EZ07010 鑽孔工程業；E401010 疏濬業；E402010 沙石、淤泥海拋業,桃園市,設立,11509
62011811,北歐南島有限公司,桃園市桃園區藝文里藝文一街86之3號12樓,薛子寧,1000000,115/09/07,,,F102050 茶葉批發業；F102040 飲料批發業；F102170 食品什貨批發業；F104110 布疋、衣著、鞋、帽、傘、服飾品批發業；F105050 家具、寢具、廚房器具、裝設品批發業；F106020 日常用品批發業；F106010 五金批發業；F106050 陶瓷玻璃器皿批發業；F107030 清潔用品批發業；F108040 化粧品批發業,桃園市,設立,11509
62011827,円乙設計室內裝修有限公司,桃園市桃園區大興西路一段262號6樓,趙曉曼,200000,115/09/07,,,E801060 室內裝修業；E801010 室內裝潢業；E801030 室內輕鋼架工程業；E903010 防蝕、防銹工程業；E901010 油漆工程業；E801070 廚具、衛浴設備安裝工程業；E801020 門窗安裝工程業；E801040 玻璃安裝工程業；E601020 電器安裝業；F105050 家具、寢具、廚房器具、裝設品批發業,桃園市,設立,11509
62011832,智感資訊科技有限公司,桃園市大園區大智路1號(三樓),吳瑞田,600000,115/09/07,,,I301010 資訊軟體服務業；I301020 資料處理服務業；I301030 電子資訊供應服務業；I301060 網路廣告平臺業；I501010 產品設計業；I401010 一般廣告服務業；E605010 電腦設備安裝業；E603050 自動控制設備工程業；E601020 電器安裝業；J399010 軟體出版業,桃園市,設立,11509
62011848,星皓投資有限公司,桃園市平鎮區義民里環南路二段11號16樓之2,羅偉辰,500000,115/09/07,,,H201010 一般投資業；H202010 創業投資業；I102010 一般投資顧問業；IH01010 產業控股公司業；ZZ99999 除許可業務外，得經營法令非禁止或限制之業務,桃園市,設立,11509
62011853,金盛達有限公司,桃園市中壢區中央西路一段1號7樓,何俊雄,100000,115/09/07,,,F104110 布疋、衣著、鞋、帽、傘、服飾品批發業；F105050 家具、寢具、廚房器具、裝設品批發業；F106010 五金批發業；F106020 日常用品批發業；F106050 陶瓷玻璃器皿批發業；F107030 清潔用品批發業；F113020 電器批發業；F113050 電腦及事務性機器設備批發業；F113070 電信器材批發業；F114030 汽、機車零件配備批發業,桃園市,設立,11509
62011869,宸赫專業車藝有限公司,桃園市平鎮區宋屋里新光路二段8巷76號(1樓),陳莉鍹,300000,115/09/07,,,CD01030 汽車及其零件製造業；CD01040 機車及其零件製造業；F107030 清潔用品批發業；F113110 電池批發業；F113020 電器批發業；F113090 交通標誌器材批發業；F114010 汽車批發業；F114020 機車批發業；F114030 汽、機車零件配備批發業；F114050 車胎批發業,桃園市,設立,11509
62011875,楓承環保有限公司,桃園市龜山區文青路222號八樓之6,林楓洲,500000,115/09/07,,,J101030 廢棄物清除業；ZZ99999 除許可業務外，得經營法令非禁止或限制之業務；J101080 資源回收業；J101040 廢棄物處理業；J101090 廢棄物清理業；J101010 建築物清潔服務業；J101020 病媒防治業,桃園市,設立,11509
62011880,鉑菖開發有限公司,桃園市中壢區志賢路26號(1樓),伍建翰,200000,115/09/07,,,H701010 住宅及大樓開發租售業；H701060 新市鎮、新社區開發業；I401010 一般廣告服務業；H703090 不動產買賣業；H703100 不動產租賃業；JZ99990 未分類其他服務業；ZZ99999 除許可業務外，得經營法令非禁止或限制之業務,桃園市,設立,11509
62011896,伍鑽投資有限公司,桃園市蘆竹區錦中里南崁路一段148號1樓之2,陳昌楙,5000000,115/09/07,,,F102030 菸酒批發業；F102040 飲料批發業；F109070 文教、樂器、育樂用品批發業；F203010 食品什貨、飲料零售業；F203020 菸酒零售業；F209060 文教、樂器、育樂用品零售業；F401010 國際貿易業；H201010 一般投資業；J801030 競技及休閒運動場館業；ZZ99999 除許可業務外，得經營法令非禁止或限制之業務,桃園市,設立,11509
62011903,捷丞投資有限公司,桃園市桃園區中正路1351號5樓,丁淑芬,3000000,115/09/07,,,H201010 一般投資業,桃園市,設立,11509
62011919,永任工程有限公司,桃園市觀音區草新里八德街2之8號,簡荺恩,500000,115/09/07,,,E502010 燃料導管安裝工程業；E599010 配管工程業；E601010 電器承裝業；E601020 電器安裝業；E603010 電纜安裝工程業；E603020 電梯安裝工程業；E603040 消防安全設備安裝工程業；E603050 自動控制設備工程業；E603080 交通號誌安裝工程業；E603090 照明設備安裝工程業,桃園市,設立,11509
62011925,安諾亞國際教育有限公司,桃園市桃園區自強里新埔七街168巷8號(1樓),朱韻如,500000,115/09/07,,,JA05010 留、遊學服務業；I103060 管理顧問業；I199990 其他顧問服務業；F401010 國際貿易業；F109070 文教、樂器、育樂用品批發業；F209060 文教、樂器、育樂用品零售業；F399040 無店面零售業；J304010 圖書出版業；J305010 有聲出版業；J399010 軟體出版業,桃園市,設立,11509
62011930,時間指標有限公司,桃園市蘆竹區新南路一段129號14樓,王嘉薈,1000000,115/09/07,,,F401010 國際貿易業；F110010 鐘錶批發業；F210010 鐘錶零售業；ZZ99999 除許可業務外，得經營法令非禁止或限制之業務,桃園市,設立,11509
62011946,良果有限公司,桃園市中壢區高鐵站前路386號2樓,許雅筑,1000000,115/09/08,,,F101130 蔬果批發業；F399040 無店面零售業；F399990 其他綜合零售業；F201010 農產品零售業；F101990 其他農、畜、水產品批發業；F102170 食品什貨批發業；F203010 食品什貨、飲料零售業；F299990 其他零售業；F199990 其他批發業；F102040 飲料批發業,桃園市,設立,11509
62011951,浚宇資創有限公司,桃園市楊梅區中山里新農街136巷3號2樓,馮依君,1500000,115/09/08,,,H201010 一般投資業；ZZ99999 除許可業務外，得經營法令非禁止或限制之業務,桃園市,設立,11509
62011967,誠翔開發有限公司,桃園市觀音區保障里大觀路一段498之1號,葉鳳玉,3000000,115/09/08,,,H704031 不動產仲介經紀業；H704041 不動產代銷經紀業；H703100 不動產租賃業；H703090 不動產買賣業；H701010 住宅及大樓開發租售業；H701020 工業廠房開發租售業；H701050 投資興建公共建設業；H701060 新市鎮、新社區開發業；H701070 區段徵收及市地重劃代辦業；H701090 都市更新整建維護業,桃園市,設立,11509
62011973,源氣生醫股份有限公司,桃園市大園區民族街3號,陳清筠,8800000,115/09/08,,,F108031 醫療器材批發業；F208031 醫療器材零售業；F399040 無店面零售業；F401010 國際貿易業；F601010 智慧財產權業；I301010 資訊軟體服務業；I301030 電子資訊供應服務業；IG01010 生物技術服務業；IG02010 研究發展服務業；ZZ99999 除許可業務外，得經營法令非禁止或限制之業務,桃園市,設立,11509
62011988,欣宇專案管理顧問有限公司,桃園市八德區介壽路2段428巷17弄3衖1之3號,吳振宇,30000,115/09/08,,,I103060 管理顧問業；I401010 一般廣告服務業；I301010 資訊軟體服務業；I301030 電子資訊供應服務業；I501010 產品設計業；I503010 景觀設計業；I102010 一般投資顧問業；J601010 藝文服務業；J304010 圖書出版業；J202010 產業育成業,桃園市,設立,11509
62011994,鈞逸工程有限公司,桃園市桃園區文中里正光路423之9號三樓,王唯豐,1000000,115/09/08,,,F106010 五金批發業；F106030 模具批發業；F113010 機械批發業；F206010 五金零售業；F206030 模具零售業；F213080 機械器具零售業；F401010 國際貿易業；E599010 配管工程業；E603100 電焊工程業；E604010 機械安裝業,桃園市,設立,11509
62012001,濬安國際有限公司,桃園市蘆竹區瓦窯里南山路一段99號,蕭宏至,3000000,115/09/08,,,H701020 工業廠房開發租售業；H703100 不動產租賃業；F102170 食品什貨批發業；F106010 五金批發業；F106020 日常用品批發業；F108040 化粧品批發業；F113110 電池批發業；F114010 汽車批發業；F114030 汽、機車零件配備批發業；F119010 電子材料批發業,桃園市,設立,11509
62012017,儒鈞工程有限公司,桃園市楊梅區民富路3段924巷20號1樓,林宥儒,500000,115/09/08,,,E599010 配管工程業；E601020 電器安裝業；E603050 自動控制設備工程業；E801070 廚具、衛浴設備安裝工程業；EZ99990 其他工程業；F113010 機械批發業；F113020 電器批發業；F213010 電器零售業；JA02010 電器及電子產品修理業；ZZ99999 除許可業務外，得經營法令非禁止或限制之業務,桃園市,設立,11509
62012023,凱域整合顧問有限公司,桃園市桃園區大有路401號11樓,曾柏剴,300000,115/09/08,,,I102010 一般投資顧問業；I103060 管理顧問業；I199990 其他顧問服務業；I301010 資訊軟體服務業；I301020 資料處理服務業；I301030 電子資訊供應服務業；I401010 一般廣告服務業；I401020 廣告傳單分送業；I501010 產品設計業；C701010 印刷業,桃園市,設立,11509
62012038,睿鼎控股有限公司,桃園市蘆竹區中福里龍壽街一段95巷17之1號,談義光,4680000,115/09/08,,,H201010 一般投資業；I102010 一般投資顧問業；I103060 管理顧問業；I199990 其他顧問服務業；ZZ99999 除許可業務外，得經營法令非禁止或限制之業務,桃園市,設立,11509
62012059,光禾醫材有限公司,桃園市八德區介壽路二段583巷138號(1樓),陳民德,500000,115/09/08,,,F108031 醫療器材批發業；F208031 醫療器材零售業；F399040 無店面零售業；F401010 國際貿易業；F113030 精密儀器批發業；F102180 酒精批發業；F106010 五金批發業；F106020 日常用品批發業；F107030 清潔用品批發業；F104110 布疋、衣著、鞋、帽、傘、服飾品批發業,桃園市,設立,11509
62012065,麗邦聯合智慧城市有限公司,桃園市桃園區大興西路二段65號11樓,黃志璿,20000,115/09/08,,,ZZ99999 除許可業務外，得經營法令非禁止或限制之業務；JZ99990 未分類其他服務業；IZ12010 人力派遣業,桃園市,設立,11509
62012071,冠弘電子有限公司,桃園市桃園區金門二街68號,王士鴻,500000,115/09/08,,,F113020 電器批發業；F119010 電子材料批發業；F199990 其他批發業；F213010 電器零售業；F219010 電子材料零售業；F299990 其他零售業；F401010 國際貿易業；F106010 五金批發業；F113010 機械批發業；F113050 電腦及事務性機器設備批發業,桃園市,設立,11509
62012086,宏盛開發工程有限公司,桃園市龍潭區中興路392巷10弄5號,王誠偉,200000,115/09/08,,,B601010 土石採取業；E401010 疏濬業；E599010 配管工程業；E601020 電器安裝業；E603100 電焊工程業；E603120 噴砂工程業；E604010 機械安裝業；EZ99990 其他工程業；EZ02010 起重工程業；F106010 五金批發業,桃園市,設立,11509
62012092,誠磐工程有限公司,桃園市桃園區大興路259號9樓,廖允誠,100000,115/09/08,,,E603080 交通號誌安裝工程業；E603090 照明設備安裝工程業；E603100 電焊工程業；E801010 室內裝潢業；E801020 門窗安裝工程業；E801030 室內輕鋼架工程業；E901010 油漆工程業；E903010 防蝕、防銹工程業；EZ06010 交通標示工程業；EZ07010 鑽孔工程業,桃園市,設立,11509
62012109,睿皇翔實業有限公司,桃園市中壢區明德里龍岡路二段73巷50號,林睿廷,1000000,115/09/08,,,F106010 五金批發業；F111090 建材批發業；F113020 電器批發業；F119010 電子材料批發業；F113030 精密儀器批發業；F113010 機械批發業；F106020 日常用品批發業；F113990 其他機械器具批發業；F105050 家具、寢具、廚房器具、裝設品批發業；F206010 五金零售業,桃園市,設立,11509
62012115,芃燁汽車有限公司,桃園市大溪區一心里文化路132巷39號4樓,葉國宏,1000000,115/09/08,,,F214010 汽車零售業；F213110 電池零售業；F214020 機車零售業；F214030 汽、機車零件配備零售業；F214050 車胎零售業；F401010 國際貿易業；JA01010 汽車修理業；JA01020 汽車拖吊業；JA01990 其他汽車服務業；ZZ99999 除許可業務外，得經營法令非禁止或限制之業務,桃園市,設立,11509
62012121,微光之美股份有限公司,桃園市桃園區明德里中正路1249號2樓,邱于芳,3000000,115/09/08,,,F108040 化粧品批發業；F208040 化粧品零售業；I401010 一般廣告服務業；F399040 無店面零售業；F108031 醫療器材批發業；F208031 醫療器材零售業；JE01010 租賃業；ZZ99999 除許可業務外，得經營法令非禁止或限制之業務,桃園市,設立,11509
62012136,有億富華有限公司,桃園市八德區高城里高城二街9巷17號,江晏禎,30000,115/09/08,,,ZZ99999 除許可業務外，得經營法令非禁止或限制之業務；J101080 資源回收業；I103060 管理顧問業；E901010 油漆工程業；H201010 一般投資業,桃園市,設立,11509
62012142,昌旺投資有限公司,桃園市桃園區經國路9號16樓之2,林秀純,8000000,115/09/09,,,H201010 一般投資業,桃園市,設立,11509
62012157,文茂實業有限公司,桃園市桃園區莊敬路一段210巷41號十一樓,李文福,1000000,115/09/10,,,E502010 燃料導管安裝工程業；E599010 配管工程業；E603040 消防安全設備安裝工程業；E603090 照明設備安裝工程業；E604010 機械安裝業；EZ05010 儀器、儀表安裝工程業；EZ15010 保溫、保冷安裝工程業；F102170 食品什貨批發業；F107050 肥料批發業；F107080 環境用藥批發業,桃園市,設立,11509
62012163,晨奕生活科技有限公司,桃園市大園區青山里31鄰春德路166號2樓,陳正璿,1000000,115/09/09,,,E601020 電器安裝業；F106020 日常用品批發業；F107030 清潔用品批發業；F113020 電器批發業；F206020 日常用品零售業；F207030 清潔用品零售業；F213010 電器零售業；F401010 國際貿易業；IZ12010 人力派遣業；J101010 建築物清潔服務業,桃園市,設立,11509
62012179,養沐有限公司,桃園市桃園區經國路246之1號12樓,張力天,100000,115/09/09,,,I103060 管理顧問業；I199990 其他顧問服務業；J202010 產業育成業；I301010 資訊軟體服務業；I301020 資料處理服務業；I301030 電子資訊供應服務業；IG02010 研究發展服務業；I401010 一般廣告服務業；JB01010 會議及展覽服務業；JE01010 租賃業,桃園市,設立,11509
62012184,雲湛數位有限公司,桃園市桃園區藝文里藝文一街86之6號4樓,黃雲聲,100000,115/09/09,,,I301010 資訊軟體服務業；I301020 資料處理服務業；I301030 電子資訊供應服務業；I301060 網路廣告平臺業；I401010 一般廣告服務業；I501010 產品設計業；I599990 其他設計業；I103060 管理顧問業；I199990 其他顧問服務業；E605010 電腦設備安裝業,桃園市,設立,11509
62012190,向森有限公司,桃園市桃園區介壽路495巷65號14樓,趙家緯,500000,115/09/09,,,E801010 室內裝潢業；E801070 廚具、衛浴設備安裝工程業；E901010 油漆工程業；EZ99990 其他工程業；F105050 家具、寢具、廚房器具、裝設品批發業；F205040 家具、寢具、廚房器具、裝設品零售業；F206010 五金零售業；F211010 建材零售業；F213010 電器零售業；F399990 其他綜合零售業,桃園市,設立,11509
62012207,銘渱有限公司,桃園市龜山區文樂里樂善二路215號22樓,劉子熙,100000,115/09/09,,,F401010 國際貿易業；F104110 布疋、衣著、鞋、帽、傘、服飾品批發業；F105050 家具、寢具、廚房器具、裝設品批發業；F106020 日常用品批發業；F107030 清潔用品批發業；F108040 化粧品批發業；F109070 文教、樂器、育樂用品批發業；F113020 電器批發業；F113070 電信器材批發業；F199990 其他批發業,桃園市,設立,11509
62012213,翰鼎投資有限公司,桃園市龍潭區工二路一段187號,李佳龍,100000,115/09/09,,,H201010 一般投資業；ZZ99999 除許可業務外，得經營法令非禁止或限制之業務,桃園市,設立,11509
62012229,拓伍科技有限公司,桃園市中壢區中央西路一段1號10樓之1,張琦蓉,300000,115/09/09,,,E599010 配管工程業；E601020 電器安裝業；E603010 電纜安裝工程業；E603050 自動控制設備工程業；E603090 照明設備安裝工程業；E604010 機械安裝業；E605010 電腦設備安裝業；E701040 簡易電信設備安裝業；E801010 室內裝潢業；EZ02010 起重工程業,桃園市,設立,11509
62012234,曜宸資本股份有限公司,桃園市中壢區中園路200之11號11樓,唐德耘,6000000,115/09/09,,,F106020 日常用品批發業；F107030 清潔用品批發業；F112010 汽油、柴油批發業；F113010 機械批發業；F113050 電腦及事務性機器設備批發業；F113110 電池批發業；F113990 其他機械器具批發業；F114030 汽、機車零件配備批發業；F203010 食品什貨、飲料零售業；F203020 菸酒零售業,桃園市,設立,11509
62012240,世鼎資本股份有限公司,桃園市蘆竹區榮安路6巷68號,陳世偉,20000000,115/09/09,,,H201010 一般投資業,桃園市,設立,11509
62012255,黛安有限公司,桃園市桃園區中正路1249號2樓,黃湘喻,1000000,115/09/09,,,IG01010 生物技術服務業；F108040 化粧品批發業；F208040 化粧品零售業；F102170 食品什貨批發業；F203010 食品什貨、飲料零售業；F399040 無店面零售業；F401010 國際貿易業；I501010 產品設計業；F113020 電器批發業；F213010 電器零售業,桃園市,設立,11509
62012277,亞凡科技股份有限公司,桃園市中壢區領航南路三段311號3樓,蔡鴻凱,2000000,115/09/10,,,D101060 再生能源自用發電設備業；F401010 國際貿易業；H201010 一般投資業；I103060 管理顧問業；IG03010 能源技術服務業；ZZ99999 除許可業務外，得經營法令非禁止或限制之業務,桃園市,設立,11509
62012282,瀚思創新有限公司,桃園市中壢區金鋒四街50巷26號14樓,曾翌維,200000,115/09/10,,,H201010 一般投資業；I103060 管理顧問業；I199990 其他顧問服務業；I599990 其他設計業；IG02010 研究發展服務業；ZZ99999 除許可業務外，得經營法令非禁止或限制之業務,桃園市,設立,11509
62012298,定威智能數位股份有限公司,桃園市桃園區建國路312巷142號（1樓）,陳威廷,1000000,115/09/10,,,E605010 電腦設備安裝業；F113050 電腦及事務性機器設備批發業；F113070 電信器材批發業；F118010 資訊軟體批發業；F213030 電腦及事務性機器設備零售業；F213060 電信器材零售業；F218010 資訊軟體零售業；F401010 國際貿易業；I301010 資訊軟體服務業；I301020 資料處理服務業,桃園市,設立,11509
62012305,昇暉文創有限公司,桃園市桃園區中正路1249號2樓,魏後昇,100000,115/09/10,,,F401010 國際貿易業；I102010 一般投資顧問業；I103060 管理顧問業；I301010 資訊軟體服務業；I401010 一般廣告服務業；J601010 藝文服務業；ZZ99999 除許可業務外，得經營法令非禁止或限制之業務,桃園市,設立,11509
62012311,赫米智能股份有限公司,桃園市桃園區大興西路二段277號,蔡淳富,10000000,115/09/10,,,E603090 照明設備安裝工程業；E801010 室內裝潢業；E801070 廚具、衛浴設備安裝工程業；E901010 油漆工程業；EZ99990 其他工程業；F105050 家具、寢具、廚房器具、裝設品批發業；F106010 五金批發業；F106020 日常用品批發業；F106040 水器材料批發業；F107010 漆料、塗料批發業,桃園市,設立,11509
62012327,均都工程有限公司,桃園市楊梅區富豐三路二段329巷96號,沈莉庭,1000000,115/09/10,,,F211010 建材零售業；E603040 消防安全設備安裝工程業；EZ06010 交通標示工程業；I401010 一般廣告服務業；I599990 其他設計業；F113090 交通標誌器材批發業；F213090 交通標誌器材零售業；F401010 國際貿易業；F399040 無店面零售業；ZZ99999 除許可業務外，得經營法令非禁止或限制之業務,桃園市,設立,11509
62012332,鎂光有限公司,桃園市中壢區西園路13巷9號(1樓),程有鎂,500000,115/09/10,,,F106010 五金批發業；F113020 電器批發業；F113050 電腦及事務性機器設備批發業；F113070 電信器材批發業；F119010 電子材料批發業；E603010 電纜安裝工程業；E605010 電腦設備安裝業；E601020 電器安裝業；EZ99990 其他工程業；F399040 無店面零售業,桃園市,設立,11509
62012348,聖華冷氣空調有限公司,桃園市八德區新興路1472巷5號(1樓),吳心婷,500000,115/09/10,,,F213010 電器零售業；F113020 電器批發業；JA02010 電器及電子產品修理業；E601020 電器安裝業；E604010 機械安裝業；F106010 五金批發業；F113990 其他機械器具批發業；F111090 建材批發業；F106040 水器材料批發業；EZ15010 保溫、保冷安裝工程業,桃園市,設立,11509
62012353,德霖儀器有限公司,桃園市蘆竹區南崁里經國路900號5樓,鄒年寶,5000000,115/09/10,,,F113030 精密儀器批發業；F213040 精密儀器零售業；F113010 機械批發業；F213080 機械器具零售業；EZ99990 其他工程業；EZ05010 儀器、儀表安裝工程業；E603050 自動控制設備工程業；F113100 污染防治設備批發業；F213100 污染防治設備零售業；E599010 配管工程業,桃園市,設立,11509
62012369,舜昱全球創投有限公司,桃園市中壢區新街里元化路220號5樓,張閔舜,5000000,115/09/10,,,H201010 一般投資業；H202010 創業投資業,桃園市,設立,11509
62012375,潤禹工程有限公司,桃園市桃園區藝文里新埔六街77號9樓之5,黃凱琪,4000000,115/09/10,,,A102080 園藝服務業；B601010 土石採取業；E101011 綜合營造業；E401010 疏濬業；E599010 配管工程業；E601010 電器承裝業；E601020 電器安裝業；E603050 自動控制設備工程業；E605010 電腦設備安裝業；E801010 室內裝潢業,桃園市,設立,11509
62012380,甜序有限公司,桃園市蘆竹區上竹里愛國一路15號,游珮絨,2000000,115/09/11,,,F203010 食品什貨、飲料零售業；F102170 食品什貨批發業；C104020 烘焙炊蒸食品製造業；F401010 國際貿易業；F399040 無店面零售業；ZZ99999 除許可業務外，得經營法令非禁止或限制之業務,桃園市,設立,11509
62012396,宏旺食品貿易有限公司,桃園市中壢區正義路82巷1號,魏宏錫,1000000,115/09/11,,,F106020 日常用品批發業；F107030 清潔用品批發業；F121010 食品添加物批發業；F201010 農產品零售業；F201020 畜產品零售業；F201030 水產品零售業；F203010 食品什貨、飲料零售業；F206020 日常用品零售業；F207030 清潔用品零售業；F102020 食用油脂批發業,桃園市,設立,11509
62012403,珈和行銷有限公司,桃園市大溪區員林路一段3巷39號5樓,許珈瑄,2000000,115/09/11,,,G202010 停車場經營業；I199990 其他顧問服務業；I401010 一般廣告服務業；I501010 產品設計業；I599990 其他設計業；IZ12010 人力派遣業；J601010 藝文服務業；J602010 演藝活動業；JB01010 會議及展覽服務業；JE01010 租賃業,桃園市,設立,11509
62012419,國聚投資股份有限公司,桃園市八德區重慶街177巷35弄5號,傅國隆,5000000,115/09/11,,,H701010 住宅及大樓開發租售業；H701020 工業廠房開發租售業；H701040 特定專業區開發業；H701050 投資興建公共建設業；H701060 新市鎮、新社區開發業；H701070 區段徵收及市地重劃代辦業；H701080 都市更新重建業；H701090 都市更新整建維護業；H702010 建築經理業；H703090 不動產買賣業,桃園市,設立,11509
62012430,啾拾台灣有限公司,桃園市桃園區中山路777號1樓之5,李惠連,200000,115/09/11,,,F203010 食品什貨、飲料零售業；F102170 食品什貨批發業；F208040 化粧品零售業；F108040 化粧品批發業；F399040 無店面零售業；F401010 國際貿易業；F207030 清潔用品零售業；F107030 清潔用品批發業；I103060 管理顧問業；I401010 一般廣告服務業,桃園市,設立,11509
62012451,鼎艷紡織有限公司,桃園市八德區和成路48號,簡鼎彥,1000000,115/09/11,,,C399990 其他紡織及製品製造業；F104110 布疋、衣著、鞋、帽、傘、服飾品批發業；F204110 布疋、衣著、鞋、帽、傘、服飾品零售業；C302010 織布業；ZZ99999 除許可業務外，得經營法令非禁止或限制之業務,桃園市,設立,11509
62012467,宏雅盛有限公司,桃園市中壢區五光一街52之2號五樓,黃雅雯,105888,115/09/11,,,C805030 塑膠日用品製造業；C805050 工業用塑膠製品製造業；CC01080 電子零組件製造業；CC01110 電腦及其週邊設備製造業；CH01030 文具製造業；CH01040 玩具製造業；CP01010 手工具製造業；CQ01010 模具製造業；F106010 五金批發業；F106020 日常用品批發業,桃園市,設立,11509
62012488,御信生醫有限公司,桃園市中壢區西園路81號(1樓),張任賢,10000000,115/09/11,,,H201010 一般投資業；ZZ99999 除許可業務外，得經營法令非禁止或限制之業務；F108040 化粧品批發業；F208040 化粧品零售業；F401010 國際貿易業,桃園市,設立,11509
62012494,沐玥晶品有限公司,桃園市桃園區新埔六街77號6樓之5,蔡品汶,400000,115/09/11,,,CG01010 珠寶及貴金屬製品製造業；CZ99990 未分類其他工業製品製造業；F115020 礦石批發業；F215020 礦石零售業；F115010 首飾及貴金屬批發業；F215010 首飾及貴金屬零售業；F104110 布疋、衣著、鞋、帽、傘、服飾品批發業；F204110 布疋、衣著、鞋、帽、傘、服飾品零售業；F109070 文教、樂器、育樂用品批發業；F209060 文教、樂器、育樂用品零售業,桃園市,設立,11509
62012516,偏光視覺整合有限公司,桃園市平鎮區新英里新富五街62號地下一樓,周擎,150000,115/09/11,,,JZ99030 攝影業；I401010 一般廣告服務業；I599990 其他設計業；J404010 動畫影片製作業；J404050 電影特效製作業；F399040 無店面零售業；ZZ99999 除許可業務外，得經營法令非禁止或限制之業務,桃園市,設立,11509
62012522,阿爾法商務風險管理顧問有限公司,桃園市桃園區民有五街78號2樓,陳重光,300000,115/09/11,,,ZZ99999 除許可業務外，得經營法令非禁止或限制之業務；I103060 管理顧問業；I101100 航空顧問業；IF04010 非破壞檢測業；I199990 其他顧問服務業；IG01010 生物技術服務業；IG02010 研究發展服務業；I301030 電子資訊供應服務業；C501040 組合木材製造業；IZ15010 市場研究及民意調查業,桃園市,設立,11509
62012537,三一六投資有限公司,桃園市蘆竹區福興里14鄰奉化路258巷41號,蔡連娥,1700000,115/09/11,,,H201010 一般投資業,桃園市,設立,11509
62012543,名駿臨娛樂有限公司,桃園市龜山區大湖里文興路110號12樓之4,陳俊欽,200000,115/09/11,,,J399010 軟體出版業；I301010 資訊軟體服務業；F118010 資訊軟體批發業；F218010 資訊軟體零售業；F109070 文教、樂器、育樂用品批發業；F209060 文教、樂器、育樂用品零售業；F399040 無店面零售業；F401010 國際貿易業；I401010 一般廣告服務業；J399990 其他出版業,桃園市,設立,11509
62012558,祐生科技有限公司,桃園市楊梅區永美路387巷136號,謝雅珺,1000000,115/09/11,,,F108031 醫療器材批發業；F113030 精密儀器批發業；F113050 電腦及事務性機器設備批發業；F401010 國際貿易業；H703090 不動產買賣業；ZZ99999 除許可業務外，得經營法令非禁止或限制之業務,桃園市,設立,11509
62012564,象生廣告有限公司,桃園市中壢區永興里興國路63號(1樓),邱繼進,1000000,115/09/11,,,H704041 不動產代銷經紀業；H704031 不動產仲介經紀業；H701010 住宅及大樓開發租售業；H701020 工業廠房開發租售業；H701050 投資興建公共建設業；H701060 新市鎮、新社區開發業；H701070 區段徵收及市地重劃代辦業；H701090 都市更新整建維護業；H703090 不動產買賣業；H703100 不動產租賃業,桃園市,設立,11509
62012570,采翊設計有限公司,桃園市桃園區中山路1308巷371號11樓,明威,200000,115/09/11,,,E801010 室內裝潢業；E801020 門窗安裝工程業；E801040 玻璃安裝工程業；E801070 廚具、衛浴設備安裝工程業；E901010 油漆工程業；E601020 電器安裝業；E603090 照明設備安裝工程業；F105050 家具、寢具、廚房器具、裝設品批發業；F106040 水器材料批發業；F111090 建材批發業,桃園市,設立,11509
62012585,富滿滿管理顧問股份有限公司,桃園市中壢區新街里環北路398號20樓之6,李鈺婕,2600000,115/09/11,,,G202010 停車場經營業；H703090 不動產買賣業；H703100 不動產租賃業；EZ99990 其他工程業；H701010 住宅及大樓開發租售業；H701020 工業廠房開發租售業；H701050 投資興建公共建設業；JE01010 租賃業；J402010 電影片發行業；J503020 電視節目製作業,桃園市,設立,11509
62012591,鑫坊百貨有限公司,桃園市中壢區元化路275之4號16樓,蔡佩芳,100000,115/09/11,,,I401010 一般廣告服務業；F203010 食品什貨、飲料零售業；F399040 無店面零售業；F208040 化粧品零售業；F204110 布疋、衣著、鞋、帽、傘、服飾品零售業；A102060 糧商業；C103050 罐頭、冷凍、脫水及醃漬食品製造業；C104010 糖果製造業；C104020 烘焙炊蒸食品製造業；C201010 飼料製造業,桃園市,設立,11509
62012608,江山吉有限公司,桃園市平鎮區新貴里7鄰關爺西路129巷18號(2樓),羅吉和,680000,115/09/11,,,F111090 建材批發業；EZ99990 其他工程業；IZ12010 人力派遣業；E801020 門窗安裝工程業；E901010 油漆工程業；E903010 防蝕、防銹工程業；F106010 五金批發業；E801030 室內輕鋼架工程業；ZZ99999 除許可業務外，得經營法令非禁止或限制之業務,桃園市,設立,11509
62012614,長欣電氣工程有限公司,桃園市中壢區內厝里福全路16號（1樓）,李柏緯,1000000,115/09/11,,,E599010 配管工程業；E601010 電器承裝業；E601020 電器安裝業；E603010 電纜安裝工程業；E603050 自動控制設備工程業；E603090 照明設備安裝工程業；E604010 機械安裝業；E801010 室內裝潢業；E801070 廚具、衛浴設備安裝工程業；EZ05010 儀器、儀表安裝工程業,桃園市,設立,11509
62012620,德鈦能源科技有限公司,桃園市楊梅區三民東路226號(1樓),陳曦,2000000,115/09/11,,,CC01080 電子零組件製造業；CC01090 電池製造業；F106010 五金批發業；F113010 機械批發業；F113020 電器批發業；F113030 精密儀器批發業；F113110 電池批發業；F119010 電子材料批發業；F120010 耐火材料批發業；F206010 五金零售業,桃園市,設立,11509
62012635,珈銓有限公司,桃園市桃園區南埔里大興西路二段171號,范筱禾,1000000,115/09/11,,,F501030 飲料店業；F501060 餐館業；F203010 食品什貨、飲料零售業；ZZ99999 除許可業務外，得經營法令非禁止或限制之業務,桃園市,設立,11509
62012641,合旭企業有限公司,桃園市中壢區五光一街52之2號5樓,黃永宗,100000,115/09/11,,,C805030 塑膠日用品製造業；C805050 工業用塑膠製品製造業；CC01080 電子零組件製造業；CC01110 電腦及其週邊設備製造業；CH01030 文具製造業；CH01040 玩具製造業；CP01010 手工具製造業；CQ01010 模具製造業；F106010 五金批發業；F106020 日常用品批發業,桃園市,設立,11509
62012656,何輪有限公司,桃園市中壢區元化路224號十二樓,何倫,500000,115/09/11,,,F114030 汽、機車零件配備批發業；F214030 汽、機車零件配備零售業；F114060 船舶及其零件批發業；F214060 船舶及其零件零售業；F114990 其他交通運輸工具及其零件批發業；F401010 國際貿易業；ZZ99999 除許可業務外，得經營法令非禁止或限制之業務,桃園市,設立,11509
62012662,莫芮餐飲有限公司,桃園市桃園區中正二街22號1樓,黃彥豪,3000000,115/09/14,,,F501060 餐館業；F102030 菸酒批發業；F102040 飲料批發業；F102050 茶葉批發業；F102170 食品什貨批發業；F203020 菸酒零售業；F203010 食品什貨、飲料零售業；F501030 飲料店業；F501990 其他餐飲業；J601010 藝文服務業,桃園市,設立,11509
62012678,承珍股份有限公司,桃園市桃園區藝文一街86之2號4樓,卓螢祿,4000000,115/09/14,,,I103060 管理顧問業；I199990 其他顧問服務業；IZ99990 其他工商服務業；I301030 電子資訊供應服務業；F201020 畜產品零售業；F201030 水產品零售業；ZZ99999 除許可業務外，得經營法令非禁止或限制之業務,桃園市,設立,11509
62012683,金如有限公司,桃園市桃園區龍鳳里龍安街96號1樓,阮氏金銀,591292,115/09/14,,,F501060 餐館業；I101090 食品顧問業；F102170 食品什貨批發業；F203010 食品什貨、飲料零售業；I199990 其他顧問服務業；I401010 一般廣告服務業；F401010 國際貿易業；F399040 無店面零售業,桃園市,設立,11509
62012699,一工研創有限公司,桃園市八德區大智里永福西街72號11樓之3,吳世閔,200000,115/09/14,,,I301010 資訊軟體服務業；I301020 資料處理服務業；I301030 電子資訊供應服務業；F399040 無店面零售業；F401010 國際貿易業；F118010 資訊軟體批發業；F218010 資訊軟體零售業；I103060 管理顧問業；I401010 一般廣告服務業；ZZ99999 除許可業務外，得經營法令非禁止或限制之業務,桃園市,設立,11509
62012706,翼啟顧問有限公司,桃園市中壢區中建里延平路500號10樓之4,江凱琪,1011168,115/09/14,,,I103060 管理顧問業；I105010 藝術品諮詢顧問業；I199990 其他顧問服務業；I301020 資料處理服務業；I401010 一般廣告服務業；IC01010 藥品檢驗業；IG01010 生物技術服務業；IG02010 研究發展服務業；IG03010 能源技術服務業；IZ99990 其他工商服務業,桃園市,設立,11509
62012712,欣宇數位科技有限公司,桃園市中壢區松智二街146號,黃慶宇,200000,115/09/14,,,I301010 資訊軟體服務業；I301020 資料處理服務業；I301030 電子資訊供應服務業；I103060 管理顧問業；I199990 其他顧問服務業；I501010 產品設計業；ZZ99999 除許可業務外，得經營法令非禁止或限制之業務,桃園市,設立,11509
62012728,艾悅有限公司,桃園市龜山區文化一路286號2樓,蔡珮綸,200000,115/09/14,,,I301010 資訊軟體服務業；IZ13010 網路認證服務業；I301030 電子資訊供應服務業；I301020 資料處理服務業；F109070 文教、樂器、育樂用品批發業；F119010 電子材料批發業；F113050 電腦及事務性機器設備批發業；F118010 資訊軟體批發業；E601010 電器承裝業；F219010 電子材料零售業,桃園市,設立,11509
62012733,星拓資本股份有限公司,桃園市桃園區藝文里藝文一街86之3號12樓,温蕎立,500000,115/09/14,,,F401010 國際貿易業；H201010 一般投資業；H202010 創業投資業；I102010 一般投資顧問業；I103060 管理顧問業；I199990 其他顧問服務業；I301010 資訊軟體服務業；I301020 資料處理服務業；ZZ99999 除許可業務外，得經營法令非禁止或限制之業務,桃園市,設立,11509
62012749,哲竹新材料股份有限公司,桃園市中壢區忠孝里元生三街127號(1樓),林淑琴,1000000,115/09/15,,,F119010 電子材料批發業；F107990 其他化學製品批發業；F401010 國際貿易業；F219010 電子材料零售業；F107200 化學原料批發業；F107190 塑膠膜、袋批發業；F207190 塑膠膜、袋零售業；F106010 五金批發業；F107010 漆料、塗料批發業；F107020 染料、顏料批發業,桃園市,設立,11509
62012754,淳勝汽車有限公司,桃園市桃園區樹仁三街186號,陳凱翔,1000000,115/09/15,,,F214010 汽車零售業；F114010 汽車批發業；F214030 汽、機車零件配備零售業；F114030 汽、機車零件配備批發業；F214020 機車零售業；F114020 機車批發業；F214040 自行車及其零件零售業；F114040 自行車及其零件批發業；F214050 車胎零售業；F114050 車胎批發業,桃園市,設立,11509
62012760,達君國際有限公司,桃園市桃園區北埔里莊二街211之1號5樓,趙世達,250000,115/09/15,,,F399040 無店面零售業；F299990 其他零售業；F401010 國際貿易業；F204110 布疋、衣著、鞋、帽、傘、服飾品零售業；F203010 食品什貨、飲料零售業；F208040 化粧品零售業；F206020 日常用品零售業；F206010 五金零售業；F106010 五金批發業；F211010 建材零售業,桃園市,設立,11509
62012776,桑尼隔熱紙有限公司,桃園市中壢區福安二街58號11樓,譚仕晟,300000,115/09/15,,,F114030 汽、機車零件配備批發業；F214030 汽、機車零件配備零售業；F107190 塑膠膜、袋批發業；F207190 塑膠膜、袋零售業；F211010 建材零售業；E801040 玻璃安裝工程業；JA01010 汽車修理業；JA01990 其他汽車服務業；ZZ99999 除許可業務外，得經營法令非禁止或限制之業務,桃園市,設立,11509
62012781,一穗禾心餐飲有限公司,桃園市中壢區青峰路一段49號5樓,鄧俊尉,1310000,115/09/15,,,F501990 其他餐飲業；I501010 產品設計業；I401010 一般廣告服務業；F203010 食品什貨、飲料零售業；I103060 管理顧問業；ZZ99999 除許可業務外，得經營法令非禁止或限制之業務,桃園市,設立,11509
62012797,昇都有限公司,桃園市桃園區春日路1823巷14號,姚啟元,1000000,115/09/15,,,CQ01010 模具製造業；ZZ99999 除許可業務外，得經營法令非禁止或限制之業務,桃園市,設立,11509
62012804,昇宏鋼鐵有限公司,桃園市大溪區仁和路二段44號,曾銘健,500000,115/09/15,,,F106010 五金批發業；F111090 建材批發業；E801010 室內裝潢業；E901010 油漆工程業；E903010 防蝕、防銹工程業；EZ02010 起重工程業；EZ99990 其他工程業；J101030 廢棄物清除業；ZZ99999 除許可業務外，得經營法令非禁止或限制之業務,桃園市,設立,11509
62012810,松盈企業有限公司,桃園市桃園區藝文里藝文一街86之1號15樓,林訓良,1000000,115/09/15,,,G801010 倉儲業；IZ06010 理貨包裝業；IZ12010 人力派遣業；G799990 其他運輸輔助業；ZZ99999 除許可業務外，得經營法令非禁止或限制之業務,桃園市,設立,11509
62012826,成己國際有限公司,桃園市蘆竹區南興里南福街69號3樓之2,陳學長,100000,115/09/15,,,F102170 食品什貨批發業；F109070 文教、樂器、育樂用品批發業；F203010 食品什貨、飲料零售業；F209060 文教、樂器、育樂用品零售業；H201010 一般投資業；I103060 管理顧問業；I301010 資訊軟體服務業；I401010 一般廣告服務業；ZZ99999 除許可業務外，得經營法令非禁止或限制之業務,桃園市,設立,11509
62012831,創瓦設計有限公司,桃園市中壢區中央西路一段1號10樓之1,魏芷瑩,1000000,115/09/15,,,I503010 景觀設計業；I501010 產品設計業；I599990 其他設計業；I103060 管理顧問業；I199990 其他顧問服務業；I301020 資料處理服務業；E599010 配管工程業；E601020 電器安裝業；E603090 照明設備安裝工程業；E801010 室內裝潢業,桃園市,設立,11509
62012847,樂璽國際有限公司,桃園市中壢區興南里慈惠一街140號(4樓),李玉書,300000,115/09/15,,,JZ99080 美容美髮服務業；F208040 化粧品零售業；F206020 日常用品零售業；F203010 食品什貨、飲料零售業；F108040 化粧品批發業；F102170 食品什貨批發業；F102040 飲料批發業；F501030 飲料店業；F501060 餐館業；F501990 其他餐飲業,桃園市,設立,11509
62012852,阿娥姐食品有限公司,桃園市八德區大義里介壽路1段703號(1樓),王豊富,300000,115/09/15,,,F101040 家畜家禽批發業；F101050 水產品批發業；F102170 食品什貨批發業；F106020 日常用品批發業；F201020 畜產品零售業；F201030 水產品零售業；F203010 食品什貨、飲料零售業；F205040 家具、寢具、廚房器具、裝設品零售業；F206020 日常用品零售業；F399040 無店面零售業,桃園市,設立,11509
62012868,仙晟有限公司,桃園市龍潭區高平里龍源路182巷9號(2樓),蘇宗凌,600000,115/09/15,,,JE01010 租賃業；B601010 土石採取業；EZ99990 其他工程業；J101030 廢棄物清除業；J101080 資源回收業；J101090 廢棄物清理業；J101990 其他環境衛生及污染防治服務業,桃園市,設立,11509
62012874,能盛股份有限公司,桃園市中壢區民族路六段576巷88之1號五樓,馮應傑,5000000,115/09/15,,,H701010 住宅及大樓開發租售業；H701020 工業廠房開發租售業；H701040 特定專業區開發業；H701050 投資興建公共建設業；H701060 新市鎮、新社區開發業；H701070 區段徵收及市地重劃代辦業；H701080 都市更新重建業；H701090 都市更新整建維護業；H702010 建築經理業；H703090 不動產買賣業,桃園市,設立,11509
62012889,祐芝科技股份有限公司,桃園市龜山區文化一路512巷59號十四樓,鄭幸伶,102000,115/09/15,,,C802090 清潔用品製造業；C802100 化粧品製造業；CO01010 餐具製造業；F102170 食品什貨批發業；F105050 家具、寢具、廚房器具、裝設品批發業；F106020 日常用品批發業；F113020 電器批發業；F119010 電子材料批發業；F121010 食品添加物批發業；F206020 日常用品零售業,桃園市,設立,11509
62012895,順馨實業股份有限公司,桃園市八德區霄裡里長興路493巷231弄97號,游翔棋,5000000,115/09/15,,,F113990 其他機械器具批發業；F114030 汽、機車零件配備批發業；F106030 模具批發業；F113010 機械批發業；F106010 五金批發業；F119010 電子材料批發業；F401010 國際貿易業,桃園市,設立,11509
62012902,方程式肌動力股份有限公司,桃園市中壢區永能路330號(2樓),朱敬先,1000000,115/09/15,,,J802010 運動訓練業；ZZ99999 除許可業務外，得經營法令非禁止或限制之業務,桃園市,設立,11509
62012918,極緻好農國際股份有限公司,桃園市桃園區介壽路495巷65號14樓,蔡佳葳,100000,115/09/16,,,H201010 一般投資業,桃園市,設立,11509
62012924,潤鴻商業開發有限公司,桃園市桃園區泰山里玉山街292巷2弄8號,楊郁頎,500000,115/09/16,,,J101010 建築物清潔服務業；J101990 其他環境衛生及污染防治服務業；H701010 住宅及大樓開發租售業；H703090 不動產買賣業；H703100 不動產租賃業；I503010 景觀設計業；I102010 一般投資顧問業；IZ99990 其他工商服務業；JZ99050 仲介服務業；F399990 其他綜合零售業,桃園市,設立,11509
62012950,華創應用控股股份有限公司,桃園市龍潭區工二路一段187號,李佳龍,100000,115/09/16,,,H201010 一般投資業,桃園市,設立,11509
62012966,蕭氏睿域有限公司,桃園市八德區東勇北路472號（1樓）,蕭瑞瑜,100000,115/09/16,,,E601020 電器安裝業；E605010 電腦設備安裝業；E701040 簡易電信設備安裝業；F209060 文教、樂器、育樂用品零售業；F216010 照相器材零售業；F601010 智慧財產權業；I301010 資訊軟體服務業；I301020 資料處理服務業；I301030 電子資訊供應服務業；I401010 一般廣告服務業,桃園市,設立,11509
62012972,萬森綠智興業有限公司,桃園市桃園區慈文路38號,鄧伊順,1500000,115/09/16,,,E801010 室內裝潢業；F105050 家具、寢具、廚房器具、裝設品批發業；F111090 建材批發業；F205040 家具、寢具、廚房器具、裝設品零售業；F211010 建材零售業；F401010 國際貿易業；H703090 不動產買賣業；H703100 不動產租賃業；I503010 景觀設計業；IG03010 能源技術服務業,桃園市,設立,11509
62012987,美樂地游泳池有限公司,桃園市八德區茄苳里永豐路371號（1樓）,劉火樹,3000000,115/09/16,,,J701080 水域遊憩活動經營業；J801030 競技及休閒運動場館業；J802010 運動訓練業；J803010 運動表演業；J803020 運動比賽業；F108031 醫療器材批發業；F208031 醫療器材零售業；F209060 文教、樂器、育樂用品零售業；F401010 國際貿易業；G202010 停車場經營業,桃園市,設立,11509
62012993,萬東國際企業有限公司,桃園市楊梅區大平里秀才路207巷7弄5號（1樓）,莊柏善,1000000,115/09/16,,,F204110 布疋、衣著、鞋、帽、傘、服飾品零售業；F104110 布疋、衣著、鞋、帽、傘、服飾品批發業；F205040 家具、寢具、廚房器具、裝設品零售業；F105050 家具、寢具、廚房器具、裝設品批發業；F206050 寵物食品及其用品零售業；F106060 寵物食品及其用品批發業；F399040 無店面零售業；F401010 國際貿易業；F206020 日常用品零售業；F106020 日常用品批發業,桃園市,設立,11509
62013000,加鑫投資股份有限公司,桃園市蘆竹區大興路255號,游國智,5000000,115/09/16,,,H201010 一般投資業；ZZ99999 除許可業務外，得經營法令非禁止或限制之業務,桃園市,設立,11509
62013016,沐嵐美容有限公司,桃園市蘆竹區南竹路二段41、43號(1樓),廖建豪,2000000,115/09/16,,,JZ99110 瘦身美容業；JZ99080 美容美髮服務業；F208040 化粧品零售業；F108040 化粧品批發業；ZZ99999 除許可業務外，得經營法令非禁止或限制之業務,桃園市,設立,11509
62013037,桃園和強智慧產業管理顧問股份有限公司,桃園市桃園區中山路425巷3號7樓之2、之7、之9,高立新,5000000,115/09/16,,,C103050 罐頭、冷凍、脫水及醃漬食品製造業；C110010 飲料製造業；C199990 未分類其他食品製造業；CB01010 機械設備製造業；CB01990 其他機械製造業；CC01080 電子零組件製造業；CC01110 電腦及其週邊設備製造業；CE01010 一般儀器製造業；CE01030 光學儀器製造業；CZ99990 未分類其他工業製品製造業,桃園市,設立,11509
62013043,禾荷覓覓有限公司,桃園市桃園區大興里春日路752號（1樓）,張佑瑋,660000,115/09/16,,,F204110 布疋、衣著、鞋、帽、傘、服飾品零售業；F208040 化粧品零售業；F399040 無店面零售業；F203010 食品什貨、飲料零售業；F205040 家具、寢具、廚房器具、裝設品零售業；I103060 管理顧問業；J202010 產業育成業；F401010 國際貿易業；I501010 產品設計業；IZ06010 理貨包裝業,桃園市,設立,11509
62013058,廣成泰興業有限公司,桃園市中壢區松嶺里松德路67號(一樓),邱東美,20000000,115/09/16,,,H201010 一般投資業；ZZ99999 除許可業務外，得經營法令非禁止或限制之業務,桃園市,設立,11509
62013064,昕隆工程有限公司,桃園市龍潭區永興里東興街5號(1樓),孫文鑫,1500000,115/09/16,,,E603100 電焊工程業；EZ07010 鑽孔工程業；EZ99990 其他工程業；F111090 建材批發業；F211010 建材零售業；ZZ99999 除許可業務外，得經營法令非禁止或限制之業務,桃園市,設立,11509
62013070,三傑創新科技有限公司,桃園市桃園區文中里正光路423之9號3樓,莊國華,1000000,115/09/16,,,CB01010 機械設備製造業；CD01990 其他運輸工具及其零件製造業；E603050 自動控制設備工程業；E604010 機械安裝業；E605010 電腦設備安裝業；EZ05010 儀器、儀表安裝工程業；EZ09010 靜電防護及消除工程業；EZ99990 其他工程業；F106010 五金批發業；F113010 機械批發業,桃園市,設立,11509
62013085,威馨投資股份有限公司,桃園市龜山區自強南路71號二樓,羅大為,28500000,115/09/17,,,H201010 一般投資業,桃園市,設立,11509
62013091,概界服飾有限公司,桃園市八德區中山一路119號,游欽棋,500000,115/09/17,,,F104110 布疋、衣著、鞋、帽、傘、服飾品批發業；F106020 日常用品批發業；F108040 化粧品批發業；F203010 食品什貨、飲料零售業；F204110 布疋、衣著、鞋、帽、傘、服飾品零售業；F206020 日常用品零售業；F206050 寵物食品及其用品零售業；F207030 清潔用品零售業；F208040 化粧品零售業；F209060 文教、樂器、育樂用品零售業,桃園市,設立,11509
62013108,萬森豪投資有限公司,桃園市桃園區民富二街1號13樓,朱軍豪,3000000,115/09/17,,,H201010 一般投資業；ZZ99999 除許可業務外，得經營法令非禁止或限制之業務,桃園市,設立,11509
62013114,磐策管理顧問有限公司,桃園市桃園區龍岡里國強一街190號12樓之2,陳進龍,500000,115/09/17,,,E605010 電腦設備安裝業；F118010 資訊軟體批發業；F218010 資訊軟體零售業；F113050 電腦及事務性機器設備批發業；F213030 電腦及事務性機器設備零售業；F601010 智慧財產權業；H202010 創業投資業；H703100 不動產租賃業；I102010 一般投資顧問業；I103060 管理顧問業,桃園市,設立,11509
62013120,柏輝科技有限公司,桃園市蘆竹區山鼻里機捷路二段768巷29弄36號,張毓雯,300000,115/09/17,,,F119010 電子材料批發業；F219010 電子材料零售業；F106010 五金批發業；F106030 模具批發業；F113010 機械批發業；F113020 電器批發業；F113030 精密儀器批發業；F113060 度量衡器批發業；F113100 污染防治設備批發業；F113990 其他機械器具批發業,桃園市,設立,11509
62013135,泰德美學資產顧問有限公司,桃園市中壢區領航南路三段468號15樓之13,李姿穎,100000,115/09/17,,,I401010 一般廣告服務業；H703090 不動產買賣業；H703100 不動產租賃業；E801010 室內裝潢業；F401010 國際貿易業；JZ99050 仲介服務業；F203020 菸酒零售業；F399040 無店面零售業；F399990 其他綜合零售業；F601010 智慧財產權業,桃園市,設立,11509
62013141,威漢奇科技有限公司,桃園市中壢區青航里領航南路三段311號3樓,蔡鴻凱,100000,115/09/17,,,IG03010 能源技術服務業；D101060 再生能源自用發電設備業；I102010 一般投資顧問業；F119010 電子材料批發業；CC01110 電腦及其週邊設備製造業；F113020 電器批發業；F118010 資訊軟體批發業；F213010 電器零售業；F213040 精密儀器零售業；F219010 電子材料零售業,桃園市,設立,11509
62013156,巴柏有限公司,桃園市大溪區興和里中正路8號1樓,張方綺,1000000,115/09/17,,,F108040 化粧品批發業；F208040 化粧品零售業；F107030 清潔用品批發業；F207030 清潔用品零售業；F106020 日常用品批發業；F206020 日常用品零售業；F399040 無店面零售業；F401010 國際貿易業；I501010 產品設計業；I401010 一般廣告服務業,桃園市,設立,11509
62013162,有豐科技有限公司,桃園市桃園區龍安里文中路749巷3號9樓,吳隆升,2000000,115/09/17,,,F106030 模具批發業；F113010 機械批發業；F113030 精密儀器批發業；F113990 其他機械器具批發業；F199990 其他批發業；F401010 國際貿易業；ZZ99999 除許可業務外，得經營法令非禁止或限制之業務,桃園市,設立,11509
62013178,矩衡工程管理顧問有限公司,桃園市桃園區藝文一街86之3號16樓,李語橦,5000000,115/09/18,,,E801010 室內裝潢業；H701010 住宅及大樓開發租售業；H702010 建築經理業；H703090 不動產買賣業；H703100 不動產租賃業；I102010 一般投資顧問業；I103060 管理顧問業；I199990 其他顧問服務業；I301010 資訊軟體服務業；I301020 資料處理服務業,桃園市,設立,11509
62013183,匯鑽國際有限公司,桃園市中壢區環北路398號5樓之6,蔡佩雯,200000,115/09/18,,,F106020 日常用品批發業；F113050 電腦及事務性機器設備批發業；F118010 資訊軟體批發業；F203010 食品什貨、飲料零售業；F204110 布疋、衣著、鞋、帽、傘、服飾品零售業；F205040 家具、寢具、廚房器具、裝設品零售業；F206010 五金零售業；F206020 日常用品零售業；F208040 化粧品零售業；F209060 文教、樂器、育樂用品零售業,桃園市,設立,11509
62013199,雋展高爾夫股份有限公司,桃園市楊梅區高上里高獅路365巷90號4樓,江展煜,200000,115/09/18,,,F109070 文教、樂器、育樂用品批發業；F209060 文教、樂器、育樂用品零售業；F399040 無店面零售業；F399990 其他綜合零售業；F401010 國際貿易業；IZ99990 其他工商服務業；J802010 運動訓練業；JA02990 其他修理業；ZZ99999 除許可業務外，得經營法令非禁止或限制之業務,桃園市,設立,11509
62013206,彥騰企業有限公司,桃園市中壢區中北路二段188號4樓,卡娃．立媚Qiawa·Limei,100000,115/09/18,,,E603040 消防安全設備安裝工程業；F105050 家具、寢具、廚房器具、裝設品批發業；F106020 日常用品批發業；F107030 清潔用品批發業；F107080 環境用藥批發業；F113020 電器批發業；F113030 精密儀器批發業；F113100 污染防治設備批發業；F205040 家具、寢具、廚房器具、裝設品零售業；F206020 日常用品零售業,桃園市,設立,11509
62013212,山禾設計室內裝修有限公司,桃園市八德區博愛街52號(1樓),黃鈺珊,500000,115/09/18,,,E801060 室內裝修業；E801010 室內裝潢業；I503010 景觀設計業；I599990 其他設計業；F105050 家具、寢具、廚房器具、裝設品批發業；F106010 五金批發業；F106020 日常用品批發業；F106050 陶瓷玻璃器皿批發業；F111090 建材批發業；F113020 電器批發業,桃園市,設立,11509
62013228,和本國際有限公司,桃園市中壢區興南里中美路一段18號13樓之5,林沛儒,500000,115/09/18,,,F102170 食品什貨批發業；F203010 食品什貨、飲料零售業；F102040 飲料批發業；F102050 茶葉批發業；F104110 布疋、衣著、鞋、帽、傘、服飾品批發業；F204110 布疋、衣著、鞋、帽、傘、服飾品零售業；F205040 家具、寢具、廚房器具、裝設品零售業；F105050 家具、寢具、廚房器具、裝設品批發業；F106010 五金批發業；F206010 五金零售業,桃園市,設立,11509
62013249,德聯投資股份有限公司,桃園市蘆竹區榮安路6巷68號,陳世偉,20000000,115/09/18,,,H201010 一般投資業,桃園市,設立,11509
62015318,烽采科技有限公司,桃園市龍潭區龍星里大同路191巷16號12樓,莊淵智,500000,115/09/18,,,CC01080 電子零組件製造業；F102040 飲料批發業；F102050 茶葉批發業；F102170 食品什貨批發業；F105050 家具、寢具、廚房器具、裝設品批發業；F106010 五金批發業；F106020 日常用品批發業；F108040 化粧品批發業；F109070 文教、樂器、育樂用品批發業；F111090 建材批發業,桃園市,設立,11509
62015324,御方生態有限公司,桃園市楊梅區金溪里瑞坪路276巷12號(1樓),馬守佑,500000,115/09/18,,,F211010 建材零售業；F111090 建材批發業；F401010 國際貿易業；EZ99990 其他工程業；F107190 塑膠膜、袋批發業；F206040 水器材料零售業；I503010 景觀設計業；F208040 化粧品零售業；F213990 其他機械器具零售業；F206020 日常用品零售業,桃園市,設立,11509
62015339,伊娃安有限公司,桃園市中壢區復興里長春路261巷2號,劉文安,500000,115/09/18,,,F115010 首飾及貴金屬批發業；F115020 礦石批發業；F215010 首飾及貴金屬零售業；F215020 礦石零售業；F401010 國際貿易業；I105010 藝術品諮詢顧問業；I501010 產品設計業；J601010 藝文服務業；JB01010 會議及展覽服務業；CG01010 珠寶及貴金屬製品製造業,桃園市,設立,11509
62015345,正智投資有限公司,桃園市蘆竹區南竹路一段98巷18號2樓,周裕翔,1000000,115/09/21,,,H201010 一般投資業；ZZ99999 除許可業務外，得經營法令非禁止或限制之業務,桃園市,設立,11509
62015350,沃仁工程規劃有限公司,桃園市大園區青山里興德路32號8樓,都澤仁,5000000,115/09/21,,,E801010 室內裝潢業；F601010 智慧財產權業；H702010 建築經理業；H703090 不動產買賣業；H703100 不動產租賃業；I103060 管理顧問業；I199990 其他顧問服務業；I503010 景觀設計業；I599990 其他設計業；IZ02010 打字業,桃園市,設立,11509
62015366,憶如實業有限公司,桃園市龜山區大華里頂湖二街28號,曾順義,500000,115/09/21,,,F401010 國際貿易業；F106030 模具批發業；F206030 模具零售業；F114030 汽、機車零件配備批發業；F214030 汽、機車零件配備零售業；ZZ99999 除許可業務外，得經營法令非禁止或限制之業務,桃園市,設立,11509
62015372,樂樂崇德股份有限公司,桃園市桃園區中正路315號(1樓),賴紹榮,5000000,115/09/21,,,F203010 食品什貨、飲料零售業；F203020 菸酒零售業；F401010 國際貿易業；F501030 飲料店業；F501990 其他餐飲業；F501060 餐館業；F206020 日常用品零售業；F207030 清潔用品零售業；F201990 其他農畜水產品零售業；I101090 食品顧問業,桃園市,設立,11509
62015387,薰月有限公司,桃園市桃園區同德里中寧街19號,徐震褘,1000000,115/09/21,,,F501060 餐館業；F201020 畜產品零售業；F201030 水產品零售業；F203020 菸酒零售業；F203010 食品什貨、飲料零售業；ZZ99999 除許可業務外，得經營法令非禁止或限制之業務,桃園市,設立,11509
62015393,開利鋼鋁業有限公司,桃園市蘆竹區南崁路1段99號2樓之4,陳俐妡,500000,115/09/21,,,E801020 門窗安裝工程業；E801040 玻璃安裝工程業；E801010 室內裝潢業；E901010 油漆工程業；F111090 建材批發業；F106010 五金批發業；F211010 建材零售業；F206010 五金零售業；F401010 國際貿易業；ZZ99999 除許可業務外，得經營法令非禁止或限制之業務,桃園市,設立,11509
62015416,鼎盛家租賃住宅服務有限公司,桃園市大園區青峰里大智路1號(2樓),林友士,1000000,115/09/21,,,H706011 租賃住宅代管業；H706021 租賃住宅包租業；I103060 管理顧問業；I199990 其他顧問服務業；I401010 一般廣告服務業；I301060 網路廣告平臺業；ZZ99999 除許可業務外，得經營法令非禁止或限制之業務,桃園市,設立,11509
62015422,維昕工業有限公司,桃園市龍潭區烏林里中豐路461巷188號10樓,鍾惠玲,1000000,115/09/21,,,F119010 電子材料批發業；F113030 精密儀器批發業；E604010 機械安裝業；EZ15010 保溫、保冷安裝工程業；F219010 電子材料零售業；F213040 精密儀器零售業；F113010 機械批發業；F213080 機械器具零售業；F113990 其他機械器具批發業；F213990 其他機械器具零售業,桃園市,設立,11509
62015437,億展鋼鐵結構股份有限公司,桃園市楊梅區裕成南路197巷5號,曾國展,1000000,115/09/21,,,CA01030 鋼鐵鑄造業；CA01010 鋼鐵冶鍊業；CA01020 鋼鐵軋延及擠型業；CA01050 鋼材二次加工業；CA01060 鋼線鋼纜製造業；EZ02010 起重工程業；E599010 配管工程業；ZZ99999 除許可業務外，得經營法令非禁止或限制之業務,桃園市,設立,11509
62015458,翰碩資訊股份有限公司,桃園市中壢區環中東路二段516號5樓,吳宗翰,2000000,115/09/21,,,ZZ99999 除許可業務外，得經營法令非禁止或限制之業務；F118010 資訊軟體批發業；F116010 照相器材批發業；F119010 電子材料批發業；F113050 電腦及事務性機器設備批發業；F113030 精密儀器批發業；F218010 資訊軟體零售業；F219010 電子材料零售業；F213030 電腦及事務性機器設備零售業；F213040 精密儀器零售業,桃園市,設立,11509
62015464,合序本味股份有限公司,桃園市楊梅區上田里和平路236巷31弄8號,林學暘,6500000,115/09/21,,,I103060 管理顧問業；I101090 食品顧問業；I199990 其他顧問服務業；I401010 一般廣告服務業；I501010 產品設計業；I599990 其他設計業；F102040 飲料批發業；F102170 食品什貨批發業；F203010 食品什貨、飲料零售業；F501030 飲料店業,桃園市,設立,11509
62015470,健人建智休閒事業有限公司,桃園市平鎮區廣興里延平路二段28號8樓之5,楊柏諺,50000,115/09/21,,,I301010 資訊軟體服務業；I301020 資料處理服務業；I301030 電子資訊供應服務業；I301060 網路廣告平臺業；I103060 管理顧問業；I199990 其他顧問服務業；I301050 實境體感應用服務業；I401010 一般廣告服務業；IZ13010 網路認證服務業；F218010 資訊軟體零售業,桃園市,設立,11509
62015485,品威生技醫藥有限公司,桃園市蘆竹區安中街3巷2號(三樓),李品蓁,2000000,115/09/21,,,F102040 飲料批發業；F102170 食品什貨批發業；F106020 日常用品批發業；F107030 清潔用品批發業；F108011 中藥批發業；F108031 醫療器材批發業；F108040 化粧品批發業；F113020 電器批發業；F203010 食品什貨、飲料零售業；F206020 日常用品零售業,桃園市,設立,11509
62015491,承光寰宇科技股份有限公司,桃園市桃園區春日路1434巷61號(3樓),詹承勳,1000000,115/09/22,,,I103060 管理顧問業；I102010 一般投資顧問業；I199990 其他顧問服務業；IG02010 研究發展服務業；IZ99990 其他工商服務業；I301010 資訊軟體服務業；I301020 資料處理服務業；I301030 電子資訊供應服務業；J399010 軟體出版業；IZ09010 管理系統驗證業,桃園市,設立,11509
62015507,瑞恒職安顧問有限公司,桃園市蘆竹區南崁路一段288之10號7樓,CHEE WAI CHIT(謝偉杰),500000,115/09/22,,,I103060 管理顧問業；I401010 一般廣告服務業；JB01010 會議及展覽服務業；ZZ99999 除許可業務外，得經營法令非禁止或限制之業務,桃園市,設立,11509
62015513,佑霖機械有限公司,桃園市中壢區過嶺里民族路六段592號（2樓）,彭明德,1000000,115/09/22,,,CC01080 電子零組件製造業；F113010 機械批發業；F106010 五金批發業；F119010 電子材料批發業；E604010 機械安裝業；F401010 國際貿易業；ZZ99999 除許可業務外，得經營法令非禁止或限制之業務,桃園市,設立,11509
62015529,銪鑽工程有限公司,桃園市觀音區莊一街15號2樓,林詠怡,1000000,115/09/22,,,F106010 五金批發業；F113010 機械批發業；E502010 燃料導管安裝工程業；E604010 機械安裝業；EZ15010 保溫、保冷安裝工程業；E603040 消防安全設備安裝工程業；E599010 配管工程業；E603110 冷作工程業；E603120 噴砂工程業；E901010 油漆工程業,桃園市,設立,11509
62015534,震宇冷氣工程有限公司,桃園市龜山區龍壽里萬壽路一段516巷20弄8之2號,黃瓊慧,1000000,115/09/22,,,E599010 配管工程業；E601010 電器承裝業；E601020 電器安裝業；E603050 自動控制設備工程業；E603090 照明設備安裝工程業；E605010 電腦設備安裝業；E801070 廚具、衛浴設備安裝工程業；EZ05010 儀器、儀表安裝工程業；EZ15010 保溫、保冷安裝工程業；EZ99990 其他工程業,桃園市,設立,11509
62015540,鎧甲汽車防護有限公司,桃園市平鎮區北富里金陵路三段215號,邱品涵,200000,115/09/22,,,F207030 清潔用品零售業；F107030 清潔用品批發業；F114030 汽、機車零件配備批發業；F214030 汽、機車零件配備零售業；F401010 國際貿易業；ZZ99999 除許可業務外，得經營法令非禁止或限制之業務,桃園市,設立,11509
62015555,怡千投資股份有限公司,桃園市桃園區豐林里保羅街175號,廖嘉怡,250000,115/09/22,,,H201010 一般投資業；I102010 一般投資顧問業；I103060 管理顧問業；ZZ99999 除許可業務外，得經營法令非禁止或限制之業務,桃園市,設立,11509
62015561,村玖伍室內裝修有限公司,桃園市中壢區大同路16之1號,林煒燊,500000,115/09/22,,,E599010 配管工程業；E601010 電器承裝業；E601020 電器安裝業；E603010 電纜安裝工程業；E603050 自動控制設備工程業；E801010 室內裝潢業；E801020 門窗安裝工程業；E801030 室內輕鋼架工程業；E801040 玻璃安裝工程業；E801060 室內裝修業,桃園市,設立,11509
62015577,宏潤鑫企業有限公司,桃園市八德區大湳里22鄰和平路991巷58弄76衖6號2樓,林忠建,150000,115/09/22,,,CA04010 表面處理業；CA01050 鋼材二次加工業；CA02010 金屬結構及建築組件製造業；CA02990 其他金屬製品製造業；CA01990 其他非鐵金屬基本工業；C802200 塗料、油漆、染料及顏料製造業；CB01010 機械設備製造業；F401010 國際貿易業；F106010 五金批發業；F206010 五金零售業,桃園市,設立,11509
62015582,李品文創設計有限公司,桃園市中壢區領航南路三段468號4樓之16,李佳恩,100000,115/09/22,,,C302010 織布業；C303010 不織布業；C307010 服飾品製造業；C399990 其他紡織及製品製造業；C402030 皮革、毛皮製品製造業；C802100 化粧品製造業；C703010 印刷品裝訂及加工業；CG01010 珠寶及貴金屬製品製造業；F115010 首飾及貴金屬批發業；F215010 首飾及貴金屬零售業,桃園市,設立,11509
62015598,歐瑞資訊有限公司,桃園市蘆竹區長興里南崁路一段300巷56號,林奕儒,300000,115/09/22,,,I301010 資訊軟體服務業；I301020 資料處理服務業；I301030 電子資訊供應服務業；I501010 產品設計業；I599990 其他設計業；F209060 文教、樂器、育樂用品零售業；F205040 家具、寢具、廚房器具、裝設品零售業；F218010 資訊軟體零售業；F299990 其他零售業；ZZ99999 除許可業務外，得經營法令非禁止或限制之業務,桃園市,設立,11509
62015605,食秀餐飲有限公司,桃園市桃園區新埔里天祥五街60號（1樓）,鄭秀秀,300000,115/09/22,,,F501060 餐館業；F501990 其他餐飲業；F203020 菸酒零售業；F203010 食品什貨、飲料零售業；F299990 其他零售業；F399990 其他綜合零售業；I101090 食品顧問業；I103060 管理顧問業；ZZ99999 除許可業務外，得經營法令非禁止或限制之業務,桃園市,設立,11509
62015611,澄錦有限公司,桃園市桃園區中正路1221號10樓,林育儒,1000000,115/09/22,,,F399040 無店面零售業；F401010 國際貿易業；F204110 布疋、衣著、鞋、帽、傘、服飾品零售業；F104110 布疋、衣著、鞋、帽、傘、服飾品批發業；F105050 家具、寢具、廚房器具、裝設品批發業；F205040 家具、寢具、廚房器具、裝設品零售業；F106020 日常用品批發業；F206020 日常用品零售業；I501010 產品設計業；I301030 電子資訊供應服務業,桃園市,設立,11509
62015627,昀樂星空間有限公司,桃園市龜山區文化七路95巷5號,何珮淳,100000,115/09/23,,,F104110 布疋、衣著、鞋、帽、傘、服飾品批發業；F106020 日常用品批發業；F106050 陶瓷玻璃器皿批發業；F113990 其他機械器具批發業；F199990 其他批發業；F204110 布疋、衣著、鞋、帽、傘、服飾品零售業；F206020 日常用品零售業；F209060 文教、樂器、育樂用品零售業；F109070 文教、樂器、育樂用品批發業；F299990 其他零售業,桃園市,設立,11509
62015632,和壹設計工程有限公司,桃園市大溪區埔仁路214號（1樓）,張志成,300000,115/09/23,,,E801010 室內裝潢業；I503010 景觀設計業；I599990 其他設計業；I501010 產品設計業；E801020 門窗安裝工程業；E801030 室內輕鋼架工程業；E801040 玻璃安裝工程業；E801070 廚具、衛浴設備安裝工程業；E901010 油漆工程業；E903010 防蝕、防銹工程業,桃園市,設立,11509
62015648,沐曜光國際有限公司,桃園市八德區長興二路55號(1樓),吳基鈿,1000000,115/09/23,,,F102030 菸酒批發業；F102040 飲料批發業；F102170 食品什貨批發業；F104110 布疋、衣著、鞋、帽、傘、服飾品批發業；F105050 家具、寢具、廚房器具、裝設品批發業；F106010 五金批發業；F106020 日常用品批發業；F107030 清潔用品批發業；F108040 化粧品批發業；F109070 文教、樂器、育樂用品批發業,桃園市,設立,11509
62015653,禾沐益有限公司,桃園市中壢區新街里環北路400號5樓之2,范沛緹,10000,115/09/23,,,F101050 水產品批發業；F101990 其他農、畜、水產品批發業；F102020 食用油脂批發業；F102030 菸酒批發業；F102040 飲料批發業；F102050 茶葉批發業；F102170 食品什貨批發業；F104110 布疋、衣著、鞋、帽、傘、服飾品批發業；F106010 五金批發業；F106020 日常用品批發業,桃園市,設立,11509
62015669,歐恩智動有限公司,桃園市龜山區山頂里明興街123號(1樓),蘇鑫元,500000,115/09/23,,,F213030 電腦及事務性機器設備零售業；F113050 電腦及事務性機器設備批發業；F113010 機械批發業；F213080 機械器具零售業；F113020 電器批發業；F213010 電器零售業；F113070 電信器材批發業；F213060 電信器材零售業；F113110 電池批發業；F213110 電池零售業,桃園市,設立,11509
62015675,芙依洋航股份有限公司,桃園市中壢區過嶺里福嶺路95巷66弄32號（1樓）,呂依潔,500000,115/09/23,,,F101070 漁具批發業；F102170 食品什貨批發業；F104110 布疋、衣著、鞋、帽、傘、服飾品批發業；F106010 五金批發業；F106020 日常用品批發業；F113020 電器批發業；F114030 汽、機車零件配備批發業；F114060 船舶及其零件批發業；F201050 漁具零售業；F203010 食品什貨、飲料零售業,桃園市,設立,11509
62015680,阿蓮牛肉餐飲股份有限公司,桃園市桃園區藝文一街86之2號4樓,何語宸,500000,115/09/23,,,F501060 餐館業；F203010 食品什貨、飲料零售業；F203030 酒精零售業；ZZ99999 除許可業務外，得經營法令非禁止或限制之業務,桃園市,設立,11509
62015696,未來預醫有限公司,桃園市龜山區南祥路29號2樓,彭成安,400000,115/09/23,,,F108031 醫療器材批發業；F208031 醫療器材零售業；F208040 化粧品零售業；F203010 食品什貨、飲料零售業；I101090 食品顧問業；I199990 其他顧問服務業；F401010 國際貿易業；ZZ99999 除許可業務外，得經營法令非禁止或限制之業務,桃園市,設立,11509
62015719,成嵩科技有限公司,桃園市龍潭區玉龍路130號(2樓),林圻成,3000000,115/09/23,,,C805990 其他塑膠製品製造業；CA02990 其他金屬製品製造業；CB01010 機械設備製造業；CB01030 污染防治設備製造業；CB01990 其他機械製造業；CC01010 發電、輸電、配電機械製造業；CC01080 電子零組件製造業；CC01090 電池製造業；CC01110 電腦及其週邊設備製造業；CC01990 其他電機及電子機械器材製造業,桃園市,設立,11509
62015725,金礦牛有限公司,桃園市桃園區同德里中正路1061號(2樓),黃昱翔,1000000,115/09/23,,,F501060 餐館業；F501030 飲料店業；F203010 食品什貨、飲料零售業；F501990 其他餐飲業；F203020 菸酒零售業；F205040 家具、寢具、廚房器具、裝設品零售業；F206020 日常用品零售業；F102030 菸酒批發業；F102040 飲料批發業；F102170 食品什貨批發業,桃園市,設立,11509
62015730,篤有限公司,桃園市龜山區舊路里振興路749巷1弄6號（1樓）,劉勝彥,200000,115/09/23,,,F208040 化粧品零售業；F203010 食品什貨、飲料零售業；F204110 布疋、衣著、鞋、帽、傘、服飾品零售業；F399040 無店面零售業；F218010 資訊軟體零售業；F209060 文教、樂器、育樂用品零售業；ZZ99999 除許可業務外，得經營法令非禁止或限制之業務,桃園市,設立,11509
62015746,鑫豐控股有限公司,桃園市八德區大發里福德一路177巷96號,許砥中,3000000,115/09/23,,,H201010 一般投資業；ZZ99999 除許可業務外，得經營法令非禁止或限制之業務,桃園市,設立,11509
62015751,金賦布納有限公司,桃園市桃園區青溪里春日路510號,林勝介,1000000,115/09/23,,,F501060 餐館業；F501030 飲料店業；F203010 食品什貨、飲料零售業；F501990 其他餐飲業；F203020 菸酒零售業；F205040 家具、寢具、廚房器具、裝設品零售業；F206020 日常用品零售業；F102030 菸酒批發業；F102040 飲料批發業；F102170 食品什貨批發業,桃園市,設立,11509
62015767,平嘉曾好國際有限公司,桃園市桃園區國際路二段75號,詹鎧嘉,300000,115/09/23,,,F209060 文教、樂器、育樂用品零售業；F109070 文教、樂器、育樂用品批發業；F206010 五金零售業；F206020 日常用品零售業；CA02990 其他金屬製品製造業；CB01010 機械設備製造業；CP01010 手工具製造業；CC01010 發電、輸電、配電機械製造業；CZ99990 未分類其他工業製品製造業；F399040 無店面零售業,桃園市,設立,11509
62015773,陞耀電機有限公司,桃園市桃園區榮華街44巷19弄20號(1樓),陳志誠,500000,115/09/23,,,CB01010 機械設備製造業；CC01010 發電、輸電、配電機械製造業；CC01990 其他電機及電子機械器材製造業；E601010 電器承裝業；E603020 電梯安裝工程業；E603050 自動控制設備工程業；E603080 交通號誌安裝工程業；E603090 照明設備安裝工程業；E603100 電焊工程業；E604010 機械安裝業,桃園市,設立,11509
62015788,攀樹趣有限公司,桃園市桃園區中正路1249號十六樓之2,翁恒斌,50000,115/09/23,,,I401010 一般廣告服務業；IZ99990 其他工商服務業；J399990 其他出版業；J202010 產業育成業；I199990 其他顧問服務業；EZ99990 其他工程業；J802010 運動訓練業；J803010 運動表演業；J803020 運動比賽業；JZ99990 未分類其他服務業,桃園市,設立,11509
62015794,宏璉有限公司,桃園市桃園區中信里德華街106之1號9樓,呂智宇,200000,115/09/23,,,E599010 配管工程業；E601020 電器安裝業；E603040 消防安全設備安裝工程業；E603090 照明設備安裝工程業；E801010 室內裝潢業；E801020 門窗安裝工程業；E801030 室內輕鋼架工程業；E801070 廚具、衛浴設備安裝工程業；E901010 油漆工程業；EZ99990 其他工程業,桃園市,設立,11509
62015801,阿斯特亞有限公司,桃園市平鎮區延平路二段239巷39號,梁芢菲,400000,115/09/24,,,I301010 資訊軟體服務業；I301020 資料處理服務業；I301030 電子資訊供應服務業；F401010 國際貿易業；ZZ99999 除許可業務外，得經營法令非禁止或限制之業務,桃園市,設立,11509
62015817,鑫岳塗裝工程有限公司,桃園市桃園區中正路1221號10樓,吳錦惠,1000000,115/09/24,,,E801010 室內裝潢業；E901010 油漆工程業；E903010 防蝕、防銹工程業；ZZ99999 除許可業務外，得經營法令非禁止或限制之業務,桃園市,設立,11509
62015823,清睎綠能有限公司,桃園市桃園區中正路1082號24樓,邱政勳,100000,115/09/24,,,I102010 一般投資顧問業；D101060 再生能源自用發電設備業；H201010 一般投資業；IG03010 能源技術服務業；JE01010 租賃業；JZ99050 仲介服務業；ZZ99999 除許可業務外，得經營法令非禁止或限制之業務,桃園市,設立,11509
62015838,睎望能源有限公司,桃園市桃園區中正路1082號24樓,邱政勳,100000,115/09/24,,,I102010 一般投資顧問業；D101060 再生能源自用發電設備業；H201010 一般投資業；IG03010 能源技術服務業；JE01010 租賃業；JZ99050 仲介服務業；ZZ99999 除許可業務外，得經營法令非禁止或限制之業務,桃園市,設立,11509
62015859,即非音樂有限公司,桃園市龍潭區中正路261巷73號12樓,劉怡瑄,300000,115/09/24,,,J305010 有聲出版業；J604010 聲音錄製及音樂發行業；J601010 藝文服務業；J304010 圖書出版業；J602010 演藝活動業；JB01010 會議及展覽服務業；J503020 電視節目製作業；J503030 廣播電視節目發行業；J399010 軟體出版業；I401010 一般廣告服務業,桃園市,設立,11509
62015865,巴斯威爾集成有限公司,桃園市蘆竹區內溪路內溪巷18號,陳于嘉,10000000,115/09/24,,,CB01010 機械設備製造業；CC01080 電子零組件製造業；CA02990 其他金屬製品製造業；E599010 配管工程業；E601010 電器承裝業；E603040 消防安全設備安裝工程業；E603050 自動控制設備工程業；E603080 交通號誌安裝工程業；E604010 機械安裝業；E605010 電腦設備安裝業,桃園市,設立,11509
62015871,金禾家不動產有限公司,桃園市桃園區中興里力行路289號,呂典錡,2500000,115/09/24,,,H704031 不動產仲介經紀業；H703100 不動產租賃業；H201010 一般投資業；H703090 不動產買賣業；J101010 建築物清潔服務業；I401010 一般廣告服務業；I301060 網路廣告平臺業；I401020 廣告傳單分送業；ZZ99999 除許可業務外，得經營法令非禁止或限制之業務,桃園市,設立,11509
62015886,凱瑞數據科技股份有限公司,桃園市桃園區會稽里大德二街4巷2之1號,張晏慈,1000000,115/09/24,,,I301010 資訊軟體服務業；I301020 資料處理服務業；I301030 電子資訊供應服務業；F218010 資訊軟體零售業；F118010 資訊軟體批發業；J202010 產業育成業；JZ99050 仲介服務業；F401010 國際貿易業；ZZ99999 除許可業務外，得經營法令非禁止或限制之業務,桃園市,設立,11509
62015909,思璀管理顧問股份有限公司,桃園市桃園區藝文一街86之1號8樓,許廷禎,3250000,115/09/24,,,H201010 一般投資業；I102010 一般投資顧問業；I103060 管理顧問業；I199990 其他顧問服務業；IZ99990 其他工商服務業；ZZ99999 除許可業務外，得經營法令非禁止或限制之業務,桃園市,設立,11509
62015915,大邱裝潢統包工程有限公司,桃園市平鎮區延平路三段22號(1樓),邱惠丹,500000,115/09/24,,,E801010 室內裝潢業；E801020 門窗安裝工程業；E801030 室內輕鋼架工程業；E801070 廚具、衛浴設備安裝工程業；E901010 油漆工程業；E599010 配管工程業；EZ02010 起重工程業；EZ99990 其他工程業；F105050 家具、寢具、廚房器具、裝設品批發業；F111090 建材批發業,桃園市,設立,11509
62015921,甲斐整合行銷有限公司,桃園市桃園區藝文一街86之2號4樓,陳昱寧,200000,115/09/24,,,I103060 管理顧問業；I199990 其他顧問服務業；I401010 一般廣告服務業；JZ99990 未分類其他服務業；IZ99990 其他工商服務業；I301020 資料處理服務業；F401010 國際貿易業；F399040 無店面零售業；I301010 資訊軟體服務業；F108040 化粧品批發業,桃園市,設立,11509
62015936,誠樸整合工程有限公司,桃園市中壢區延平路500號12樓之1,古佳翰,500000,115/09/24,,,I199990 其他顧問服務業；EZ99990 其他工程業；IB01010 建築物公共安全檢查業；J101050 環境檢測服務業；IF04010 非破壞檢測業；E801010 室內裝潢業；F111090 建材批發業；F211010 建材零售業；I301010 資訊軟體服務業；I301020 資料處理服務業,桃園市,設立,11509
62015942,寶塍精密科技有限公司,桃園市平鎮區建安里平東路一段178巷27號(2樓),李螢婕,32000000,115/09/24,,,F106030 模具批發業；F113030 精密儀器批發業；F119010 電子材料批發業；F206030 模具零售業；F213040 精密儀器零售業；F219010 電子材料零售業；F401010 國際貿易業；ZZ99999 除許可業務外，得經營法令非禁止或限制之業務,桃園市,設立,11509
62015957,榮盛包裝有限公司,桃園市新屋區新生里新生五街16巷12號(1樓),彭鈺雯,1000000,115/09/24,,,F111090 建材批發業；F106010 五金批發業；F105050 家具、寢具、廚房器具、裝設品批發業；F113010 機械批發業；F113030 精密儀器批發業；F113990 其他機械器具批發業；F107190 塑膠膜、袋批發業；F199990 其他批發業；F211010 建材零售業；F401010 國際貿易業,桃園市,設立,11509
62016007,詰斯科技有限公司,桃園市楊梅區益新一街127巷15號(1樓),曾香珍,1000000,115/09/29,,,F119010 電子材料批發業；F219010 電子材料零售業；JA02010 電器及電子產品修理業；F401010 國際貿易業；I301010 資訊軟體服務業；F113030 精密儀器批發業；F213040 精密儀器零售業；I501010 產品設計業；ZZ99999 除許可業務外，得經營法令非禁止或限制之業務,桃園市,設立,11509
62016013,博庭國際股份有限公司,桃園市中壢區普義路192巷11號,賴彥村,100000,115/09/29,,,H201010 一般投資業；ZZ99999 除許可業務外，得經營法令非禁止或限制之業務,桃園市,設立,11509
62016029,玄睿投資股份有限公司,桃園市龜山區大華里頂湖一街22之1號,林秉燦,1000000,115/09/29,,,H201010 一般投資業,桃園市,設立,11509
62016034,磐格林精密有限公司,桃園市蘆竹區文中路一段111號,黃惠燕,1000000,115/09/29,,,CA02990 其他金屬製品製造業；CB01010 機械設備製造業；CB01990 其他機械製造業；CD01060 航空器及其零件製造業；CQ01010 模具製造業；CC01080 電子零組件製造業；I501010 產品設計業；IG02010 研究發展服務業；F113010 機械批發業；F213080 機械器具零售業,桃園市,設立,11509
62016040,云霄空間整合股份有限公司,桃園市大溪區一德里勝利街97巷15弄5號(1樓),徐楨智,6000000,115/09/29,,,E801010 室內裝潢業；E599010 配管工程業；E603040 消防安全設備安裝工程業；E603050 自動控制設備工程業；E603090 照明設備安裝工程業；E801020 門窗安裝工程業；E801030 室內輕鋼架工程業；E801070 廚具、衛浴設備安裝工程業；E901010 油漆工程業；EZ07010 鑽孔工程業,桃園市,設立,11509
62016055,馭泰有限公司,桃園市中壢區中建里延平路500號12樓之2,朱少華,20000,115/09/29,,,F114060 船舶及其零件批發業；F101070 漁具批發業；CD01010 船舶及其零件製造業；JA02990 其他修理業；G403010 船舶出租業；JE01010 租賃業；IZ12010 人力派遣業；IZ06010 理貨包裝業；I103060 管理顧問業；IZ99990 其他工商服務業,桃園市,設立,11509
62016061,安芯電梯有限公司,桃園市八德區廣隆里廣福路231巷15號2樓,劉南政,6000000,115/09/29,,,E603020 電梯安裝工程業；E603010 電纜安裝工程業；E603050 自動控制設備工程業；E603040 消防安全設備安裝工程業；E603090 照明設備安裝工程業；EZ05010 儀器、儀表安裝工程業；E604010 機械安裝業；F113010 機械批發業；F113990 其他機械器具批發業；F113050 電腦及事務性機器設備批發業,桃園市,設立,11509
62016077,旭脊創新有限公司,桃園市龍潭區富華街三林段362巷82之1號2樓,謝長燊,100000,115/09/29,,,F118010 資訊軟體批發業；F218010 資訊軟體零售業；EZ05010 儀器、儀表安裝工程業；F213040 精密儀器零售業；F219010 電子材料零售業；F113050 電腦及事務性機器設備批發業；F113030 精密儀器批發業；I301010 資訊軟體服務業；F208050 乙類成藥零售業；I301020 資料處理服務業,桃園市,設立,11509
62016082,橙築國際有限公司,桃園市桃園區龍祥里中山路1308巷332號(1樓),馬正麟,1000000,115/09/29,,,I301010 資訊軟體服務業；I301020 資料處理服務業；I301060 網路廣告平臺業；I401010 一般廣告服務業；IZ09010 管理系統驗證業；F105050 家具、寢具、廚房器具、裝設品批發業；F113020 電器批發業；F119010 電子材料批發業；F109070 文教、樂器、育樂用品批發業；F399040 無店面零售業,桃園市,設立,11509
62016105,新美醫療器材股份有限公司,桃園市蘆竹區長興路一段205巷36號二樓,許志安,6600000,115/09/29,,,F213080 機械器具零售業；F113010 機械批發業；F401010 國際貿易業；CF01011 醫療器材製造業；F208031 醫療器材零售業；F108031 醫療器材批發業；I102010 一般投資顧問業；H201010 一般投資業；H701010 住宅及大樓開發租售業；H701020 工業廠房開發租售業,桃園市,設立,11509
62016127,日日向前有限公司,桃園市中壢區中美路二段117號4樓,宗凝,1000000,115/09/30,,,G202010 停車場經營業；G801010 倉儲業；H703100 不動產租賃業；H703090 不動產買賣業；ZZ99999 除許可業務外，得經營法令非禁止或限制之業務,桃園市,設立,11509
62016148,許酒洋行有限公司,桃園市桃園區永興里民權路140號,許建霆,500000,115/09/30,,,F401010 國際貿易業；F102030 菸酒批發業；F102040 飲料批發業；F102170 食品什貨批發業；F203010 食品什貨、飲料零售業；F203020 菸酒零售業；ZZ99999 除許可業務外，得經營法令非禁止或限制之業務,桃園市,設立,11509
62016180,百驗科技有限公司,桃園市桃園區藝文里藝文一街86之3號12樓,張仲葳,500000,115/09/30,,,F119010 電子材料批發業；F118010 資訊軟體批發業；F109070 文教、樂器、育樂用品批發業；F113050 電腦及事務性機器設備批發業；F113020 電器批發業；F401010 國際貿易業；F104110 布疋、衣著、鞋、帽、傘、服飾品批發業；E605010 電腦設備安裝業；I301010 資訊軟體服務業；I301020 資料處理服務業,桃園市,設立,11509
62079001,日商傑領國際教育股份有限公司,桃園市中壢區興農路80號2樓,岳禹君,1000000,115/09/14,,,JA05010 留、遊學服務業；I103060 管理顧問業；I199990 其他顧問服務業；I401010 一般廣告服務業；JB01010 會議及展覽服務業；JZ99050 仲介服務業；F401010 國際貿易業；IZ04010 翻譯業；ZZ99999 除許可業務外，得經營法令非禁止或限制之業務,桃園市,設立,11509
62147325,凱歐特股份有限公司,桃園市桃園區新埔六街77號14樓之1,包翊廷,100000,115/08/27,,,H201010 一般投資業,桃園市,設立,11509
62147351,木登女子工程有限公司,桃園市中壢區文化路130巷29號(1樓),邱惠丹,500000,115/08/27,,,E599010 配管工程業；E801010 室內裝潢業；E801030 室內輕鋼架工程業；E801020 門窗安裝工程業；E801070 廚具、衛浴設備安裝工程業；E901010 油漆工程業；F105050 家具、寢具、廚房器具、裝設品批發業；H703090 不動產買賣業；ZZ99999 除許可業務外，得經營法令非禁止或限制之業務,桃園市,設立,11509
62147514,立雅德有限公司,桃園市龜山區長慶二街26號,歐雅萍,350000,115/08/28,,,G801010 倉儲業；F106010 五金批發業；F206010 五金零售業；IZ06010 理貨包裝業；ZZ99999 除許可業務外，得經營法令非禁止或限制之業務,桃園市,設立,11509
62147541,奕均國際股份有限公司,桃園市中壢區金華里新生路292號11樓,李若蘭,1000000,115/08/28,,,C802990 其他化學製品製造業；CA01990 其他非鐵金屬基本工業；CA02990 其他金屬製品製造業；CC01040 照明設備製造業；CC01080 電子零組件製造業；CC01990 其他電機及電子機械器材製造業；CD01030 汽車及其零件製造業；CQ01010 模具製造業；CZ99990 未分類其他工業製品製造業；E599010 配管工程業,桃園市,設立,11509
62147633,悅峰營造有限公司,桃園市平鎮區新英里新富五街140號3樓,李林強,3600000,115/08/28,,,E101011 綜合營造業；EZ99990 其他工程業；H701060 新市鎮、新社區開發業；ZZ99999 除許可業務外，得經營法令非禁止或限制之業務,桃園市,設立,11509
62147697,卿禾文娛有限公司,桃園市桃園區大興西路二段22之3號6樓,陳宛榛,200000,115/08/31,,,ZZ99999 除許可業務外，得經營法令非禁止或限制之業務；F203010 食品什貨、飲料零售業；F204110 布疋、衣著、鞋、帽、傘、服飾品零售業；F399040 無店面零售業；I199990 其他顧問服務業；I301010 資訊軟體服務業；I301060 網路廣告平臺業；I401010 一般廣告服務業；J304010 圖書出版業；J305010 有聲出版業,桃園市,設立,11509
62147710,普羅有限公司,桃園市桃園區文昌里中山路81號5樓,謝逸柔,100000,115/08/31,,,I103060 管理顧問業；I199990 其他顧問服務業；JB01010 會議及展覽服務業；F401010 國際貿易業；F102170 食品什貨批發業；F102180 酒精批發業；F106020 日常用品批發業；F199990 其他批發業；F203010 食品什貨、飲料零售業；F203020 菸酒零售業,桃園市,設立,11509
62147726,銘心工程有限公司,桃園市龍潭區中興路九龍段76號5樓之5,黃建銘,500000,115/08/31,,,E801010 室內裝潢業；E801020 門窗安裝工程業；E801030 室內輕鋼架工程業；E801040 玻璃安裝工程業；E801070 廚具、衛浴設備安裝工程業；E901010 油漆工程業；E903010 防蝕、防銹工程業；E601010 電器承裝業；E601020 電器安裝業；F105050 家具、寢具、廚房器具、裝設品批發業,桃園市,設立,11509
62147731,好室清職人專業清潔股份有限公司,桃園市蘆竹區大新一街22號(1樓),林群溢,200000,115/08/31,,,E401010 疏濬業；E599010 配管工程業；E601010 電器承裝業；E601020 電器安裝業；F106020 日常用品批發業；F107030 清潔用品批發業；F113020 電器批發業；F213010 電器零售業；J101010 建築物清潔服務業；J101020 病媒防治業,桃園市,設立,11509
62147747,旭恆精密材料股份有限公司,桃園市桃園區國際路一段120巷22號,張東暉,8000000,115/08/31,,,F106010 五金批發業；F111090 建材批發業；F113010 機械批發業；F119010 電子材料批發業；F206010 五金零售業；F211010 建材零售業；F213080 機械器具零售業；F219010 電子材料零售業；F401010 國際貿易業；H703090 不動產買賣業,桃園市,設立,11509
62147752,星人設計室內裝修有限公司,桃園市龜山區文二一街16號5樓之3,謝嘉悦,100000,115/08/31,,,E801010 室內裝潢業；E801060 室內裝修業；E901010 油漆工程業；I401010 一般廣告服務業；I503010 景觀設計業；F105050 家具、寢具、廚房器具、裝設品批發業；F106010 五金批發業；F111090 建材批發業；F401010 國際貿易業；ZZ99999 除許可業務外，得經營法令非禁止或限制之業務,桃園市,設立,11509
62147768,富也開發有限公司,桃園市中壢區興平里興隆五街9號,蕭秀如,500000,115/08/31,,,H201010 一般投資業,桃園市,設立,11509
62147774,弗萊堡康健國際有限公司,桃園市中壢區中央里裕民街12號(3樓）,宋珍,100000,115/08/31,,,JB01010 會議及展覽服務業；F206020 日常用品零售業；J802010 運動訓練業；F201070 花卉零售業；F204110 布疋、衣著、鞋、帽、傘、服飾品零售業；H703100 不動產租賃業；JE01010 租賃業；JZ99050 仲介服務業；I103060 管理顧問業；I105010 藝術品諮詢顧問業,桃園市,設立,11509
62147789,旭冠開發有限公司,桃園市中壢區青埔里青溪路一段309號,許瑛哲,300000,115/08/31,,,H201010 一般投資業,桃園市,設立,11509
62147795,衣服家設計股份有限公司,桃園市蘆竹區長安路二段39巷19號,林淑卿,2000000,115/08/31,,,F104110 布疋、衣著、鞋、帽、傘、服飾品批發業；C306010 成衣業；C302010 織布業；F401010 國際貿易業；F106020 日常用品批發業；F206020 日常用品零售業；F106010 五金批發業；F206010 五金零售業；F105050 家具、寢具、廚房器具、裝設品批發業；F205040 家具、寢具、廚房器具、裝設品零售業,桃園市,設立,11509
62147802,寶侑開發有限公司,桃園市中壢區青埔里青溪路1段309號,邱玫萍,100000,115/08/31,,,H201010 一般投資業,桃園市,設立,11509
62168524,沐柏有限公司,桃園市中壢區高鐵站前東路二段120號(2樓),鍾志彬,11150000,115/09/01,,,H201010 一般投資業；ZZ99999 除許可業務外，得經營法令非禁止或限制之業務,桃園市,設立,11509
62168545,盛茂先進材料股份有限公司,桃園市龜山區南上里大坑路一段18巷1號,李俊緯,3000000,115/09/01,,,C801030 精密化學材料製造業；C801990 其他化學材料製造業；C802120 工業助劑製造業；C802990 其他化學製品製造業；CC01990 其他電機及電子機械器材製造業；CD01030 汽車及其零件製造業；CD01990 其他運輸工具及其零件製造業；CE01010 一般儀器製造業；EZ05010 儀器、儀表安裝工程業；EZ99990 其他工程業,桃園市,設立,11509
62168566,進元金屬有限公司,桃園市大園區華興路二段478巷79號,許安婷,600000,115/08/31,,,F115010 首飾及貴金屬批發業；F106010 五金批發業；F199010 回收物料批發業；F199990 其他批發業；F215010 首飾及貴金屬零售業；F206010 五金零售業；F204110 布疋、衣著、鞋、帽、傘、服飾品零售業；F205040 家具、寢具、廚房器具、裝設品零售業；F209060 文教、樂器、育樂用品零售業；F399040 無店面零售業,桃園市,設立,11509
62168572,沛星科技股份有限公司,桃園市中壢區元化路224號12樓,許沛忻,5000000,115/08/31,,,F113030 精密儀器批發業；F113050 電腦及事務性機器設備批發業；F118010 資訊軟體批發業；F119010 電子材料批發業；F213030 電腦及事務性機器設備零售業；F213040 精密儀器零售業；F213080 機械器具零售業；F213990 其他機械器具零售業；F218010 資訊軟體零售業；F219010 電子材料零售業,桃園市,設立,11509
62168593,正均開發工程有限公司,桃園市桃園區光興里縣府路308之3號,黃均濰,500000,115/08/31,,,EZ99990 其他工程業；F111090 建材批發業；F113010 機械批發業；F213080 機械器具零售業；J101030 廢棄物清除業；J101040 廢棄物處理業；J101080 資源回收業；J101110 營建剩餘土石方資源處理業；J101120 營建混合物分類處理業；JE01010 租賃業,桃園市,設立,11509
62168600,程翰投資有限公司,桃園市蘆竹區興仁路15號,藍鼎盛,26850000,115/09/01,,,ZZ99999 除許可業務外，得經營法令非禁止或限制之業務；H201010 一般投資業,桃園市,設立,11509
62168616,孝澤有限公司,桃園市龜山區華亞三路39巷22號,王孝澤,250000,115/08/31,,,F104110 布疋、衣著、鞋、帽、傘、服飾品批發業；F107030 清潔用品批發業；F108040 化粧品批發業；F109070 文教、樂器、育樂用品批發業；F106020 日常用品批發業；F204110 布疋、衣著、鞋、帽、傘、服飾品零售業；F206020 日常用品零售業；F208040 化粧品零售業；F399040 無店面零售業；F401010 國際貿易業,桃園市,設立,11509
62168622,柿澄室內裝修設計工程有限公司,桃園市桃園區寶安里中埔一街334號6樓,吳文瑜,200000,115/09/01,,,E801010 室內裝潢業；E801060 室內裝修業；I503010 景觀設計業；F104110 布疋、衣著、鞋、帽、傘、服飾品批發業；F105050 家具、寢具、廚房器具、裝設品批發業；F106010 五金批發業；F106020 日常用品批發業；F111090 建材批發業；F120010 耐火材料批發業；F199990 其他批發業,桃園市,設立,11509
